,,,,,,,Playing Time,Playing Time,Playing Time,Playing Time,Performance,Performance,Performance,Performance,Performance,Performance,Performance,Per 90 Minutes,Per 90 Minutes,Per 90 Minutes,Per 90 Minutes,Per 90 Minutes,Expected,Expected,Expected,Expected,Per 90 Minutes,Per 90 Minutes,Per 90 Minutes,Per 90 Minutes,Per 90 Minutes,,-additional
Rk,Player,Nation,Pos,Squad,Age,Born,MP,Starts,Min,90s,Gls,Ast,G-PK,PK,PKatt,CrdY,CrdR,Gls,Ast,G+A,G-PK,G+A-PK,xG,npxG,xAG,npxG+xAG,xG,xAG,xG+xAG,npxG,npxG+xAG,Matches,-9999
1,Brenden Aaronson,us USA,MFFW,Leeds United,22-074,2000,16,16,1361,15.1,1,2,1,0,0,2,0,0.07,0.13,0.20,0.07,0.20,2.0,2.0,3.0,5.0,0.13,0.20,0.33,0.13,0.33,Matches,5bc43860
2,Che Adams,sct SCO,FW,Southampton,26-175,1996,16,14,1246,13.8,4,1,4,0,0,0,0,0.29,0.07,0.36,0.29,0.36,4.4,4.4,1.9,6.4,0.32,0.14,0.46,0.32,0.46,Matches,f2bf1b0f
3,Tyler Adams,us USA,MF,Leeds United,23-324,1999,14,14,1256,14.0,0,0,0,0,0,4,1,0.00,0.00,0.00,0.00,0.00,0.0,0.0,1.0,1.1,0.00,0.07,0.08,0.00,0.08,Matches,2b09d998
4,Tosin Adarabioyo,eng ENG,DF,Fulham,25-102,1997,12,11,991,11.0,1,0,1,0,0,1,0,0.09,0.00,0.09,0.09,0.09,0.2,0.2,0.0,0.2,0.01,0.00,0.02,0.01,0.02,Matches,c81d773d
5,Nayef Aguerd,ma MAR,DF,West Ham,26-280,1996,1,0,76,0.8,0,0,0,0,0,0,0,0.00,0.00,0.00,0.00,0.00,0.1,0.1,0.0,0.1,0.07,0.06,0.12,0.07,0.12,Matches,288e1e13
6,Rayan Aït Nouri,fr FRA,DF,Wolves,21-212,2001,12,7,717,8.0,1,0,1,0,0,2,0,0.13,0.00,0.13,0.13,0.13,0.6,0.6,1.0,1.6,0.07,0.12,0.20,0.07,0.20,Matches,9b398aea
7,Kristoffer Ajer,no NOR,DF,Brentford,24-262,1998,6,6,502,5.6,0,0,0,0,0,0,0,0.00,0.00,0.00,0.00,0.00,0.0,0.0,0.0,0.0,0.01,0.00,0.01,0.01,0.01,Matches,a8c0acb7
8,Manuel Akanji,ch SUI,DF,Manchester City,27-169,1995,10,10,881,9.8,0,1,0,0,0,1,0,0.00,0.10,0.10,0.00,0.10,0.5,0.5,0.1,0.6,0.05,0.01,0.07,0.05,0.07,Matches,89ac64a6
9,Nathan Aké,nl NED,DF,Manchester City,27-320,1995,10,9,751,8.3,0,0,0,0,0,0,0,0.00,0.00,0.00,0.00,0.00,0.1,0.1,0.2,0.3,0.01,0.02,0.03,0.01,0.03,Matches,eaeca114
10,Marc Albrighton,eng ENG,FWMF,Leicester City,33-047,1989,4,0,114,1.3,0,0,0,0,0,0,0,0.00,0.00,0.00,0.00,0.00,0.0,0.0,0.2,0.2,0.03,0.15,0.18,0.03,0.18,Matches,b827d5b3
11,Thiago Alcántara,es ESP,MF,Liverpool,31-268,1991,11,11,890,9.9,0,0,0,0,0,2,0,0.00,0.00,0.00,0.00,0.00,0.3,0.3,0.9,1.3,0.03,0.09,0.13,0.03,0.13,Matches,77e84962
12,Trent Alexander-Arnold,eng ENG,DF,Liverpool,24-089,1998,17,15,1242,13.8,1,1,1,0,0,2,0,0.07,0.07,0.14,0.07,0.14,1.2,1.2,3.0,4.1,0.09,0.22,0.30,0.09,0.30,Matches,cd1acf9d
13,Alisson,br BRA,GK,Liverpool,30-094,1992,17,17,1530,17.0,0,1,0,0,0,0,0,0.00,0.06,0.06,0.00,0.06,0.0,0.0,0.3,0.3,0.00,0.02,0.02,0.00,0.02,Matches,7a2e46a8
14,Dele Alli,eng ENG,MF,Everton,26-268,1996,2,0,40,0.4,0,0,0,0,0,0,0,0.00,0.00,0.00,0.00,0.00,0.0,0.0,0.0,0.0,0.00,0.00,0.00,0.00,0.00,Matches,cea4ee8f
15,Miguel Almirón,py PAR,FW,Newcastle Utd,28-328,1994,18,18,1487,16.5,9,1,9,0,0,1,0,0.54,0.06,0.61,0.54,0.61,5.1,5.1,1.4,6.6,0.31,0.09,0.40,0.31,0.40,Matches,862a1c15
16,Julián Álvarez,ar ARG,FWMF,Manchester City,22-338,2000,13,3,368,4.1,3,0,3,0,0,0,0,0.73,0.00,0.73,0.73,0.73,1.3,1.3,0.4,1.8,0.33,0.10,0.43,0.33,0.43,Matches,15ab5a2b
17,Daniel Amartey,gh GHA,DF,Leicester City,28-014,1994,15,13,1185,13.2,0,0,0,0,0,0,0,0.00,0.00,0.00,0.00,0.00,0.1,0.1,0.5,0.6,0.00,0.04,0.05,0.00,0.05,Matches,1a4ef233
18,Joachim Andersen,dk DEN,DF,Crystal Palace,26-218,1996,15,15,1350,15.0,1,0,1,0,0,3,0,0.07,0.00,0.07,0.07,0.07,1.0,1.0,0.4,1.4,0.07,0.02,0.09,0.07,0.09,Matches,e34fc66d
19,Elliot Anderson,sct SCO,FWMF,Newcastle Utd,20-059,2002,8,0,104,1.2,0,0,0,0,0,0,0,0.00,0.00,0.00,0.00,0.00,0.5,0.5,0.5,1.0,0.41,0.44,0.86,0.41,0.86,Matches,de31038e
20,Jaidon Anthony,eng ENG,MFFW,Bournemouth,23-034,1999,13,3,486,5.4,2,0,2,0,0,1,0,0.37,0.00,0.37,0.37,0.37,1.2,1.2,0.3,1.5,0.22,0.06,0.28,0.22,0.28,Matches,e4238fb1
21,Michail Antonio,jm JAM,FW,West Ham,32-282,1990,16,7,720,8.0,2,1,2,0,0,1,0,0.25,0.12,0.37,0.25,0.37,2.3,2.3,0.4,2.7,0.28,0.05,0.33,0.28,0.33,Matches,ac05f970
22,Antony,br BRA,FW,Manchester Utd,22-314,2000,8,8,644,7.2,3,0,3,0,0,1,0,0.42,0.00,0.42,0.42,0.42,2.5,2.5,0.4,2.9,0.35,0.05,0.40,0.35,0.40,Matches,99127249
23,Cameron Archer,eng ENG,FWMF,Aston Villa,21-167,2001,6,0,49,0.5,0,0,0,0,0,0,0,0.00,0.00,0.00,0.00,0.00,0.0,0.0,0.0,0.0,0.00,0.00,0.00,0.00,0.00,Matches,05e8ca6d
24,Alphonse Areola,fr FRA,GK,West Ham,29-311,1993,2,0,107,1.2,0,0,0,0,0,0,0,0.00,0.00,0.00,0.00,0.00,0.0,0.0,0.0,0.0,0.00,0.00,0.00,0.00,0.00,Matches,2f965a72
25,Joe Aribo,ng NGA,MFFW,Southampton,26-167,1996,17,11,1055,11.7,2,0,2,0,0,2,0,0.17,0.00,0.17,0.17,0.17,1.4,1.4,0.8,2.2,0.12,0.07,0.19,0.12,0.19,Matches,328f7d51
26,Adam Armstrong,eng ENG,FW,Southampton,25-328,1997,16,11,877,9.7,1,1,1,0,0,0,0,0.10,0.10,0.21,0.10,0.21,1.1,1.1,0.7,1.8,0.11,0.07,0.18,0.11,0.18,Matches,68c720b5
27,Stuart Armstrong,sct SCO,MFFW,Southampton,30-280,1992,16,7,759,8.4,1,0,1,0,0,2,0,0.12,0.00,0.12,0.12,0.12,1.1,1.1,1.7,2.8,0.14,0.20,0.33,0.14,0.33,Matches,97333cf5
28,Kepa Arrizabalaga,es ESP,GK,Chelsea,28-093,1994,8,8,675,7.5,0,0,0,0,0,0,0,0.00,0.00,0.00,0.00,0.00,0.0,0.0,0.0,0.0,0.00,0.00,0.00,0.00,0.00,Matches,28d596a0
29,Pierre-Emerick Aubameyang,ga GAB,FW,Chelsea,33-200,1989,8,4,332,3.7,1,0,1,0,0,1,0,0.27,0.00,0.27,0.27,0.27,0.5,0.5,0.3,0.9,0.14,0.09,0.23,0.14,0.23,Matches,d5dd5f1f
30,Ludwig Augustinsson,se SWE,DF,Aston Villa,28-258,1994,2,1,53,0.6,0,0,0,0,0,1,0,0.00,0.00,0.00,0.00,0.00,0.0,0.0,0.0,0.0,0.00,0.00,0.00,0.00,0.00,Matches,9fec8860
31,Serge Aurier,ci CIV,DF,Nott'ham Forest,30-011,1992,9,8,693,7.7,1,0,1,0,0,1,0,0.13,0.00,0.13,0.13,0.13,0.3,0.3,0.2,0.5,0.03,0.03,0.06,0.03,0.06,Matches,5c2b4f07
32,Taiwo Awoniyi,ng NGA,FW,Nott'ham Forest,25-145,1997,15,8,660,7.3,3,0,3,0,0,0,0,0.41,0.00,0.41,0.41,0.41,3.8,3.8,0.9,4.8,0.52,0.13,0.65,0.52,0.65,Matches,e5478b87
33,Jordan Ayew,gh GHA,FWMF,Crystal Palace,31-115,1991,16,13,1067,11.9,1,1,1,0,0,1,0,0.08,0.08,0.17,0.08,0.17,1.2,1.2,1.2,2.3,0.10,0.10,0.20,0.10,0.20,Matches,da052c14
34,Luke Ayling,eng ENG,DF,Leeds United,31-132,1991,9,2,254,2.8,0,1,0,0,0,1,0,0.00,0.35,0.35,0.00,0.35,0.2,0.2,0.1,0.3,0.06,0.04,0.10,0.06,0.10,Matches,420d7c7d
35,César Azpilicueta,es ESP,DF,Chelsea,33-129,1989,13,8,800,8.9,0,0,0,0,0,3,0,0.00,0.00,0.00,0.00,0.00,0.2,0.2,0.8,0.9,0.02,0.09,0.10,0.02,0.10,Matches,53cad200
36,Leon Bailey,jm JAM,FWMF,Aston Villa,25-148,1997,16,13,976,10.8,3,2,3,0,0,4,0,0.28,0.18,0.46,0.28,0.46,2.3,2.3,2.0,4.4,0.21,0.19,0.40,0.21,0.40,Matches,3a233281
37,Stefan Bajcetic,es ESP,MFFW,Liverpool,18-074,2004,3,0,38,0.4,1,0,1,0,0,0,0,2.37,0.00,2.37,2.37,2.37,0.6,0.6,0.0,0.6,1.36,0.00,1.36,1.36,1.36,Matches,32e8417f
38,Patrick Bamford,eng ENG,FW,Leeds United,29-121,1993,10,4,429,4.8,0,1,0,0,1,0,0,0.00,0.21,0.21,0.00,0.21,4.1,3.3,0.3,3.6,0.86,0.06,0.93,0.70,0.76,Matches,93feac6e
39,Shandon Baptiste,gd GRN,MF,Brentford,24-271,1998,12,4,431,4.8,0,0,0,0,0,1,0,0.00,0.00,0.00,0.00,0.00,0.2,0.2,0.7,0.9,0.04,0.15,0.19,0.04,0.19,Matches,2886c9b5
40,Harvey Barnes,eng ENG,MFFW,Leicester City,25-026,1997,16,16,1336,14.8,6,0,6,0,0,0,0,0.40,0.00,0.40,0.40,0.40,4.2,4.2,0.6,4.8,0.29,0.04,0.33,0.29,0.33,Matches,3ea50f67
41,Gavin Bazunu,ie IRL,GK,Southampton,20-318,2002,17,17,1530,17.0,0,0,0,0,0,0,0,0.00,0.00,0.00,0.00,0.00,0.0,0.0,0.1,0.1,0.00,0.00,0.00,0.00,0.00,Matches,c91441dc
42,Mads Bech Sørensen,dk DEN,DFMF,Brentford,23-362,1999,4,0,21,0.2,0,0,0,0,0,0,0,0.00,0.00,0.00,0.00,0.00,0.0,0.0,0.0,0.0,0.00,0.00,0.00,0.00,0.00,Matches,30db8574
43,Jan Bednarek,pl POL,DF,Southampton,26-267,1996,2,2,159,1.8,0,0,0,0,0,0,0,0.00,0.00,0.00,0.00,0.00,0.1,0.1,0.1,0.1,0.03,0.04,0.07,0.03,0.07,Matches,4115ce4e
44,Jan Bednarek,pl POL,DF,Aston Villa,26-267,1996,3,1,100,1.1,0,0,0,0,0,0,0,0.00,0.00,0.00,0.00,0.00,0.0,0.0,0.0,0.0,0.00,0.00,0.00,0.00,0.00,Matches,4115ce4e
45,Donny van de Beek,nl NED,MF,Manchester Utd,25-261,1997,7,2,167,1.9,0,0,0,0,0,0,0,0.00,0.00,0.00,0.00,0.00,0.1,0.1,0.1,0.2,0.05,0.06,0.11,0.05,0.11,Matches,50dc94ce
46,Asmir Begović,ba BIH,GK,Everton,35-198,1987,1,1,90,1.0,0,0,0,0,0,0,0,0.00,0.00,0.00,0.00,0.00,0.0,0.0,0.0,0.0,0.00,0.00,0.00,0.00,0.00,Matches,7b4de647
47,Armel Bella Kotchap,de GER,DF,Southampton,21-024,2001,12,12,993,11.0,0,1,0,0,0,1,0,0.00,0.09,0.09,0.00,0.09,0.7,0.7,0.2,0.8,0.06,0.02,0.08,0.06,0.08,Matches,a39d11bc
48,Saïd Benrahma,dz ALG,FWMF,West Ham,27-147,1995,15,9,931,10.3,3,1,1,2,2,0,0,0.29,0.10,0.39,0.10,0.19,3.2,1.7,1.3,2.9,0.31,0.12,0.43,0.16,0.28,Matches,5a04fd92
49,Rodrigo Bentancur,uy URU,MF,Tottenham,25-193,1997,14,13,1182,13.1,4,2,4,0,0,5,0,0.30,0.15,0.46,0.30,0.46,1.4,1.4,0.8,2.2,0.11,0.06,0.17,0.11,0.17,Matches,3b8674e6
50,Owen Bevan,wls WAL,DF,Bournemouth,19-070,2003,1,0,9,0.1,0,0,0,0,0,0,0,0.00,0.00,0.00,0.00,0.00,0.0,0.0,0.0,0.0,0.00,0.00,0.00,0.00,0.00,Matches,87966294
51,Giulian Biancone,fr FRA,DF,Nott'ham Forest,22-279,2000,2,0,17,0.2,0,0,0,0,0,0,0,0.00,0.00,0.00,0.00,0.00,0.0,0.0,0.0,0.0,0.00,0.00,0.00,0.00,0.00,Matches,de40e38c
52,Philip Billing,dk DEN,MFFW,Bournemouth,26-207,1996,18,16,1310,14.6,4,1,4,0,0,2,0,0.27,0.07,0.34,0.27,0.34,1.4,1.4,1.3,2.7,0.10,0.09,0.19,0.10,0.19,Matches,d328a254
53,Yves Bissouma,ml MLI,MF,Tottenham,26-127,1996,16,8,775,8.6,0,0,0,0,0,5,0,0.00,0.00,0.00,0.00,0.00,0.2,0.2,0.5,0.6,0.02,0.05,0.07,0.02,0.07,Matches,6c203af0
54,Willy Boly,ci CIV,DF,Nott'ham Forest,31-335,1991,4,4,332,3.7,0,1,0,0,0,1,0,0.00,0.27,0.27,0.00,0.27,0.0,0.0,0.2,0.2,0.00,0.06,0.06,0.00,0.06,Matches,a4ac4b8f
55,Sven Botman,nl NED,DF,Newcastle Utd,22-357,2000,16,15,1327,14.7,0,0,0,0,0,0,0,0.00,0.00,0.00,0.00,0.00,0.7,0.7,0.9,1.6,0.05,0.06,0.11,0.05,0.11,Matches,ccce7025
56,Jarrod Bowen,eng ENG,FWMF,West Ham,26-015,1996,17,17,1520,16.9,2,0,1,1,2,1,0,0.12,0.00,0.12,0.06,0.06,4.5,3.4,2.3,5.7,0.27,0.14,0.40,0.20,0.34,Matches,79c84d1c
57,Armando Broja,al ALB,FW,Chelsea,21-116,2001,12,2,294,3.3,1,0,1,0,0,0,0,0.31,0.00,0.31,0.31,0.31,0.8,0.8,0.1,0.9,0.26,0.02,0.27,0.26,0.27,Matches,97220da2
58,Bryan,es ESP,FWMF,Tottenham,21-327,2001,2,1,69,0.8,0,0,0,0,0,0,0,0.00,0.00,0.00,0.00,0.00,0.0,0.0,0.1,0.1,0.00,0.10,0.10,0.00,0.10,Matches,7b5ab7f2
59,Emi Buendía,ar ARG,MFFW,Aston Villa,26-010,1996,17,9,892,9.9,2,0,2,0,0,0,0,0.20,0.00,0.20,0.20,0.20,2.8,2.8,1.7,4.6,0.29,0.18,0.46,0.29,0.46,Matches,66b76d44
60,Hugo Bueno,es ESP,DF,Wolves,20-108,2002,8,7,581,6.5,0,1,0,0,0,1,0,0.00,0.15,0.15,0.00,0.15,0.2,0.2,0.5,0.7,0.02,0.08,0.11,0.02,0.11,Matches,bfc3b3a0
61,Dan Burn,eng ENG,DF,Newcastle Utd,30-240,1992,18,17,1494,16.6,0,0,0,0,0,2,0,0.00,0.00,0.00,0.00,0.00,0.8,0.8,0.2,1.1,0.05,0.01,0.06,0.05,0.06,Matches,b2d31e83
62,Cafú,pt POR,MF,Nott'ham Forest,29-312,1993,1,0,7,0.1,0,0,0,0,0,0,0,0.00,0.00,0.00,0.00,0.00,0.0,0.0,0.0,0.0,0.00,0.00,0.00,0.00,0.00,Matches,85322440
63,Moisés Caicedo,ec ECU,MF,Brighton,21-063,2001,16,16,1425,15.8,1,1,1,0,0,5,0,0.06,0.06,0.13,0.06,0.13,0.9,0.9,1.3,2.2,0.06,0.08,0.14,0.06,0.14,Matches,16264a81
64,Tom Cairney,sct SCO,MF,Fulham,31-349,1991,18,1,420,4.7,0,0,0,0,0,1,0,0.00,0.00,0.00,0.00,0.00,0.6,0.6,1.1,1.7,0.13,0.24,0.37,0.13,0.37,Matches,a8748947
65,Duje Ćaleta-Car,hr CRO,DF,Southampton,26-109,1996,7,5,486,5.4,0,0,0,0,0,1,0,0.00,0.00,0.00,0.00,0.00,0.2,0.2,0.0,0.2,0.04,0.01,0.05,0.04,0.05,Matches,94f8d10c
66,Dominic Calvert-Lewin,eng ENG,FW,Everton,25-294,1997,8,6,490,5.4,1,0,1,0,0,1,0,0.18,0.00,0.18,0.18,0.18,1.6,1.6,0.3,1.9,0.29,0.05,0.35,0.29,0.35,Matches,59e6e5bf
67,Chem Campbell,wls WAL,FWMF,Wolves,20-005,2002,5,0,74,0.8,0,0,0,0,0,0,0,0.00,0.00,0.00,0.00,0.00,0.1,0.1,0.0,0.1,0.12,0.00,0.12,0.12,0.12,Matches,6f711f67
68,João Cancelo,pt POR,DF,Manchester City,28-222,1994,15,14,1139,12.7,2,1,2,0,0,3,1,0.16,0.08,0.24,0.16,0.24,0.8,0.8,0.8,1.6,0.06,0.06,0.12,0.06,0.12,Matches,bd6351cd
69,Thomas Cannon,ie IRL,FW,Everton,20-007,2002,2,0,25,0.3,0,0,0,0,0,0,0,0.00,0.00,0.00,0.00,0.00,0.1,0.1,0.5,0.6,0.32,1.95,2.27,0.32,2.27,Matches,4506aec5
70,Sergi Canós,es ESP,FWDF,Brentford,25-336,1997,5,0,77,0.9,0,0,0,0,0,0,0,0.00,0.00,0.00,0.00,0.00,0.1,0.1,0.0,0.1,0.09,0.03,0.11,0.09,0.11,Matches,1137759d
71,Diego Carlos,br BRA,DF,Aston Villa,29-295,1993,2,2,179,2.0,0,0,0,0,0,0,0,0.00,0.00,0.00,0.00,0.00,0.4,0.4,0.0,0.4,0.18,0.00,0.18,0.18,0.18,Matches,b4a014b1
72,Fabio Carvalho,pt POR,MFFW,Liverpool,20-127,2002,11,4,337,3.7,2,0,2,0,0,0,0,0.53,0.00,0.53,0.53,0.53,1.1,1.1,0.1,1.2,0.30,0.03,0.32,0.30,0.32,Matches,966e28d0
73,Casemiro,br BRA,MF,Manchester Utd,30-315,1992,14,10,982,10.9,2,2,2,0,0,3,0,0.18,0.18,0.37,0.18,0.37,1.2,1.2,1.5,2.7,0.11,0.14,0.25,0.11,0.25,Matches,4d224fe8
74,Matty Cash,pl POL,DF,Aston Villa,25-150,1997,14,12,1053,11.7,0,0,0,0,0,3,0,0.00,0.00,0.00,0.00,0.00,0.2,0.2,0.7,0.8,0.02,0.06,0.07,0.02,0.07,Matches,2389cdc2
75,Timothy Castagne,be BEL,DF,Leicester City,27-030,1995,17,16,1461,16.2,1,2,1,0,0,1,0,0.06,0.12,0.18,0.06,0.18,1.6,1.6,1.3,2.9,0.10,0.08,0.18,0.10,0.18,Matches,197640fd
76,Jonny Castro,es ESP,DF,Wolves,28-307,1994,13,11,1005,11.2,0,0,0,0,0,3,0,0.00,0.00,0.00,0.00,0.00,0.3,0.3,0.4,0.7,0.02,0.04,0.06,0.02,0.06,Matches,e28868f3
77,Julio César Enciso,py PAR,FWMF,Brighton,18-346,2004,4,0,115,1.3,0,0,0,0,0,1,0,0.00,0.00,0.00,0.00,0.00,0.4,0.4,0.1,0.5,0.34,0.06,0.39,0.34,0.39,Matches,9cfbad36
78,Nathaniel Chalobah,eng ENG,MF,Fulham,28-023,1994,3,1,11,0.1,0,0,0,0,0,0,1,0.00,0.00,0.00,0.00,0.00,0.1,0.1,0.0,0.1,0.77,0.00,0.77,0.77,0.77,Matches,422862ea
79,Trevoh Chalobah,eng ENG,DF,Chelsea,23-183,1999,9,8,723,8.0,0,0,0,0,0,1,0,0.00,0.00,0.00,0.00,0.00,0.3,0.3,0.0,0.3,0.04,0.00,0.04,0.04,0.04,Matches,5515376c
80,Calum Chambers,eng ENG,DFMF,Aston Villa,27-349,1995,4,1,110,1.2,0,0,0,0,0,1,0,0.00,0.00,0.00,0.00,0.00,0.0,0.0,0.0,0.0,0.03,0.00,0.03,0.03,0.03,Matches,dc6f5bdd
81,Ben Chilwell,eng ENG,DFMF,Chelsea,26-014,1996,9,4,419,4.7,1,1,1,0,0,1,0,0.21,0.21,0.43,0.21,0.43,0.3,0.3,0.1,0.5,0.07,0.03,0.10,0.07,0.10,Matches,d2424d1b
82,Ryan Christie,sct SCO,MFFW,Bournemouth,27-316,1995,16,10,829,9.2,1,0,1,0,0,1,0,0.11,0.00,0.11,0.11,0.11,1.4,1.4,0.4,1.8,0.15,0.04,0.19,0.15,0.19,Matches,26ce2263
83,Carney Chukwuemeka,eng ENG,MFFW,Chelsea,19-076,2003,4,0,50,0.6,0,0,0,0,0,0,0,0.00,0.00,0.00,0.00,0.00,0.1,0.1,0.0,0.1,0.16,0.04,0.20,0.16,0.20,Matches,b2f9c73e
84,Bobby Clark,eng ENG,MF,Liverpool,17-331,2005,1,0,8,0.1,0,0,0,0,0,0,0,0.00,0.00,0.00,0.00,0.00,0.0,0.0,0.0,0.0,0.00,0.00,0.00,0.00,0.00,Matches,73341ace
85,Nathaniel Clyne,eng ENG,DF,Crystal Palace,31-274,1991,10,9,736,8.2,0,0,0,0,0,1,0,0.00,0.00,0.00,0.00,0.00,0.0,0.0,0.3,0.3,0.00,0.04,0.04,0.00,0.04,Matches,0442183b
86,Conor Coady,eng ENG,DF,Everton,29-313,1993,16,16,1430,15.9,1,1,1,0,0,1,0,0.06,0.06,0.13,0.06,0.13,0.6,0.6,0.3,0.9,0.04,0.02,0.06,0.04,0.06,Matches,2928dca2
87,Jack Colback,eng ENG,MF,Nott'ham Forest,33-072,1989,5,1,160,1.8,0,0,0,0,0,0,0,0.00,0.00,0.00,0.00,0.00,0.0,0.0,0.2,0.2,0.00,0.09,0.09,0.00,0.09,Matches,963a9201
88,Séamus Coleman,ie IRL,DF,Everton,34-085,1988,10,7,654,7.3,0,0,0,0,0,0,0,0.00,0.00,0.00,0.00,0.00,0.2,0.2,0.2,0.4,0.02,0.03,0.05,0.02,0.05,Matches,0420d84f
89,Nathan Collins,ie IRL,DF,Wolves,21-249,2001,14,14,1202,13.4,0,0,0,0,0,2,1,0.00,0.00,0.00,0.00,0.00,0.0,0.0,0.1,0.1,0.00,0.01,0.01,0.00,0.01,Matches,a8c19eb8
90,Levi Colwill,eng ENG,DF,Brighton,19-312,2003,6,4,373,4.1,0,0,0,0,0,0,0,0.00,0.00,0.00,0.00,0.00,0.2,0.2,0.0,0.2,0.04,0.00,0.04,0.04,0.04,Matches,700783e7
91,Lewis Cook,eng ENG,MF,Bournemouth,25-335,1997,18,16,1452,16.1,0,2,0,0,0,2,0,0.00,0.12,0.12,0.00,0.12,0.2,0.2,2.2,2.4,0.01,0.13,0.15,0.01,0.15,Matches,2afc7272
92,Steve Cook,eng ENG,DF,Nott'ham Forest,31-260,1991,12,11,957,10.6,0,0,0,0,0,4,0,0.00,0.00,0.00,0.00,0.00,0.1,0.1,0.6,0.7,0.01,0.05,0.07,0.01,0.07,Matches,3e5e4e63
93,Liam Cooper,sct SCO,DF,Leeds United,31-127,1991,10,9,836,9.3,1,0,1,0,0,1,0,0.11,0.00,0.11,0.11,0.11,0.4,0.4,0.4,0.8,0.05,0.05,0.09,0.05,0.09,Matches,dc64b8b3
94,Maxwel Cornet,ci CIV,FW,West Ham,26-099,1996,5,1,91,1.0,0,0,0,0,0,0,0,0.00,0.00,0.00,0.00,0.00,0.5,0.5,0.0,0.5,0.53,0.00,0.53,0.53,0.53,Matches,beb391dd
95,Diego Costa,es ESP,FW,Wolves,34-089,1988,8,7,547,6.1,0,0,0,0,0,1,1,0.00,0.00,0.00,0.00,0.00,1.9,1.9,0.3,2.1,0.31,0.04,0.35,0.31,0.35,Matches,a190d597
96,Vladimír Coufal,cz CZE,DF,West Ham,30-135,1992,11,9,865,9.6,0,0,0,0,0,3,0,0.00,0.00,0.00,0.00,0.00,0.1,0.1,0.9,1.0,0.01,0.09,0.10,0.01,0.10,Matches,fdf3cb77
97,Philippe Coutinho,br BRA,MFFW,Aston Villa,30-206,1992,14,6,590,6.6,0,0,0,0,0,2,0,0.00,0.00,0.00,0.00,0.00,1.0,1.0,0.3,1.3,0.15,0.05,0.20,0.15,0.20,Matches,0ef89a37
98,Conor Coventry,ie IRL,MFFW,West Ham,22-285,2000,1,0,1,0.0,0,0,0,0,0,0,0,0.00,0.00,0.00,0.00,0.00,0.0,0.0,0.0,0.0,0.00,0.00,0.00,0.00,0.00,Matches,a5ca9127
99,Aaron Cresswell,eng ENG,DF,West Ham,33-020,1989,16,16,1420,15.8,0,0,0,0,0,2,0,0.00,0.00,0.00,0.00,0.00,0.2,0.2,2.5,2.8,0.02,0.16,0.18,0.02,0.18,Matches,4f974391
100,Marc Cucurella,es ESP,DF,Chelsea,24-166,1998,15,13,1027,11.4,0,2,0,0,0,2,0,0.00,0.18,0.18,0.00,0.18,0.3,0.3,0.4,0.7,0.03,0.03,0.06,0.03,0.06,Matches,1daec722
101,Patson Daka,zm ZAM,FW,Leicester City,24-087,1998,16,9,701,7.8,3,3,3,0,0,2,0,0.39,0.39,0.77,0.39,0.77,2.4,2.4,2.3,4.7,0.31,0.30,0.61,0.31,0.61,Matches,ca45605e
102,Diogo Dalot,pt POR,DF,Manchester Utd,23-292,1999,14,13,1187,13.2,0,1,0,0,0,5,0,0.00,0.08,0.08,0.00,0.08,0.7,0.7,1.4,2.1,0.06,0.10,0.16,0.06,0.16,Matches,d9565625
103,Mikkel Damsgaard,dk DEN,MFFW,Brentford,22-185,2000,9,1,267,3.0,0,0,0,0,0,2,0,0.00,0.00,0.00,0.00,0.00,0.4,0.4,0.4,0.8,0.14,0.12,0.27,0.14,0.27,Matches,215f3907
104,Josh Dasilva,eng ENG,MF,Brentford,24-073,1998,18,8,779,8.7,3,1,3,0,0,1,0,0.35,0.12,0.46,0.35,0.46,0.8,0.8,1.1,1.9,0.10,0.12,0.22,0.10,0.22,Matches,60344e4f
105,Ben Davies,wls WAL,DF,Tottenham,29-255,1993,14,12,1086,12.1,2,1,2,0,0,2,0,0.17,0.08,0.25,0.17,0.25,0.5,0.5,1.3,1.8,0.05,0.11,0.15,0.05,0.15,Matches,44781702
106,Tom Davies,eng ENG,MF,Everton,24-188,1998,9,4,368,4.1,0,0,0,0,0,2,0,0.00,0.00,0.00,0.00,0.00,0.6,0.6,0.1,0.7,0.14,0.04,0.17,0.14,0.17,Matches,9228b07c
107,Craig Dawson,eng ENG,DF,West Ham,32-243,1990,7,7,630,7.0,0,0,0,0,0,2,0,0.00,0.00,0.00,0.00,0.00,0.5,0.5,0.1,0.6,0.07,0.01,0.08,0.07,0.08,Matches,3e9e06cb
108,Kevin De Bruyne,be BEL,MF,Manchester City,31-190,1991,16,15,1311,14.6,3,9,3,0,0,1,0,0.21,0.62,0.82,0.21,0.82,3.1,3.1,7.2,10.3,0.21,0.50,0.71,0.21,0.71,Matches,e46012d4
109,Siriki Dembélé,ci CIV,FWMF,Bournemouth,26-119,1996,4,0,82,0.9,0,0,0,0,0,0,0,0.00,0.00,0.00,0.00,0.00,0.1,0.1,0.3,0.4,0.06,0.34,0.40,0.06,0.40,Matches,11f54bd5
110,Leander Dendoncker,be BEL,MF,Aston Villa,27-264,1995,9,3,305,3.4,0,0,0,0,0,0,0,0.00,0.00,0.00,0.00,0.00,0.0,0.0,0.3,0.4,0.01,0.10,0.11,0.01,0.11,Matches,5a7301ae
111,Leander Dendoncker,be BEL,MF,Wolves,27-264,1995,4,2,214,2.4,0,0,0,0,0,0,0,0.00,0.00,0.00,0.00,0.00,0.7,0.7,0.0,0.7,0.27,0.02,0.29,0.27,0.29,Matches,5a7301ae
112,Emmanuel Dennis,ng NGA,FW,Nott'ham Forest,25-050,1997,10,3,373,4.1,1,1,1,0,0,2,0,0.24,0.24,0.48,0.24,0.48,0.7,0.7,0.3,1.0,0.17,0.08,0.25,0.17,0.25,Matches,2c44a35d
113,Halil Dervişoğlu,tr TUR,MF,Brentford,23-027,1999,1,0,8,0.1,0,0,0,0,0,0,0,0.00,0.00,0.00,0.00,0.00,0.0,0.0,0.0,0.0,0.31,0.00,0.31,0.31,0.31,Matches,9d8cf204
114,Kiernan Dewsbury-Hall,eng ENG,MF,Leicester City,24-120,1998,17,16,1314,14.6,2,2,2,0,0,1,0,0.14,0.14,0.27,0.14,0.27,1.5,1.5,2.2,3.7,0.10,0.15,0.25,0.10,0.25,Matches,5c74c0f5
115,Ibrahima Diallo,fr FRA,MF,Southampton,23-302,1999,10,7,495,5.5,0,0,0,0,0,1,0,0.00,0.00,0.00,0.00,0.00,0.2,0.2,0.0,0.2,0.03,0.01,0.03,0.03,0.03,Matches,11ff3d56
116,Rúben Dias,pt POR,DF,Manchester City,25-235,1997,12,9,873,9.7,0,0,0,0,0,0,0,0.00,0.00,0.00,0.00,0.00,0.6,0.6,0.1,0.8,0.06,0.02,0.08,0.06,0.08,Matches,31c69ef1
117,Luis Díaz,co COL,FW,Liverpool,25-356,1997,8,7,613,6.8,3,2,3,0,0,2,0,0.44,0.29,0.73,0.44,0.73,1.7,1.7,1.0,2.7,0.26,0.15,0.40,0.26,0.40,Matches,4a1a9578
118,Eric Dier,eng ENG,DF,Tottenham,28-354,1994,16,15,1375,15.3,2,0,2,0,0,1,0,0.13,0.00,0.13,0.13,0.13,0.7,0.7,0.7,1.5,0.05,0.05,0.10,0.05,0.10,Matches,ac861941
119,Lucas Digne,fr FRA,DF,Aston Villa,29-168,1993,12,11,991,11.0,1,0,1,0,0,2,0,0.09,0.00,0.09,0.09,0.09,0.2,0.2,1.1,1.3,0.02,0.10,0.12,0.02,0.12,Matches,1b84dbe1
120,Issa Diop,fr FRA,DF,Fulham,25-360,1997,11,8,787,8.7,1,0,1,0,0,1,0,0.11,0.00,0.11,0.11,0.11,0.3,0.3,0.0,0.3,0.03,0.00,0.04,0.03,0.04,Matches,a712ca2b
121,Moussa Djenepo,ml MLI,DFFW,Southampton,24-203,1998,11,6,571,6.3,0,1,0,0,0,0,0,0.00,0.16,0.16,0.00,0.16,0.1,0.1,0.2,0.3,0.02,0.03,0.05,0.02,0.05,Matches,254147d4
122,Ben Doak,sct SCO,FW,Liverpool,17-054,2005,1,0,3,0.0,0,0,0,0,0,0,0,0.00,0.00,0.00,0.00,0.00,0.0,0.0,0.0,0.0,0.00,0.00,0.00,0.00,0.00,Matches,733f1a7d
123,Matt Doherty,ie IRL,DFMF,Tottenham,30-353,1992,10,5,520,5.8,0,0,0,0,0,0,0,0.00,0.00,0.00,0.00,0.00,0.5,0.5,0.2,0.7,0.08,0.04,0.12,0.08,0.12,Matches,d557d734
124,Gabriel Dos Santos,br BRA,DF,Arsenal,25-016,1997,17,17,1530,17.0,2,0,2,0,0,3,0,0.12,0.00,0.12,0.12,0.12,2.8,2.8,0.2,3.0,0.17,0.01,0.17,0.17,0.17,Matches,67ac5bb8
125,Abdoulaye Doucouré,ml MLI,MF,Everton,30-003,1993,10,2,228,2.5,0,0,0,0,0,1,0,0.00,0.00,0.00,0.00,0.00,0.2,0.2,0.0,0.2,0.07,0.00,0.07,0.07,0.07,Matches,02b29014
126,Cheick Doucouré,ml MLI,MF,Crystal Palace,22-361,2000,14,14,1136,12.6,0,1,0,0,0,4,0,0.00,0.08,0.08,0.00,0.08,0.5,0.5,1.1,1.6,0.04,0.08,0.13,0.04,0.13,Matches,ce4f40c7
127,Flynn Downes,eng ENG,MF,West Ham,23-349,1999,6,3,265,2.9,0,0,0,0,0,0,0,0.00,0.00,0.00,0.00,0.00,0.2,0.2,0.0,0.3,0.08,0.02,0.10,0.08,0.10,Matches,69fdb896
128,Cody Drameh,eng ENG,DF,Leeds United,21-027,2001,1,1,69,0.8,0,0,0,0,0,0,0,0.00,0.00,0.00,0.00,0.00,0.0,0.0,0.0,0.0,0.00,0.00,0.00,0.00,0.00,Matches,e0d1510a
129,Shane Duffy,ie IRL,FWDF,Fulham,31-003,1992,4,0,6,0.1,0,0,0,0,0,0,0,0.00,0.00,0.00,0.00,0.00,0.0,0.0,0.0,0.0,0.00,0.00,0.00,0.00,0.00,Matches,7314bba4
130,Lewis Dunk,eng ENG,DF,Brighton,31-044,1991,17,17,1530,17.0,0,0,0,0,0,0,0,0.00,0.00,0.00,0.00,0.00,0.8,0.8,0.1,0.9,0.05,0.00,0.05,0.05,0.05,Matches,282f75f3
131,Malcolm Ebiowei,eng ENG,MFFW,Crystal Palace,19-122,2003,3,0,34,0.4,0,0,0,0,0,0,0,0.00,0.00,0.00,0.00,0.00,0.0,0.0,0.0,0.0,0.00,0.00,0.00,0.00,0.00,Matches,fa9fa773
132,Ederson,br BRA,GK,Manchester City,29-140,1993,16,16,1440,16.0,0,1,0,0,0,0,0,0.00,0.06,0.06,0.00,0.06,0.0,0.0,0.2,0.2,0.00,0.02,0.02,0.00,0.02,Matches,3bb7b8b4
133,Odsonne Édouard,fr FRA,FW,Crystal Palace,24-353,1998,14,9,784,8.7,3,2,3,0,0,3,0,0.34,0.23,0.57,0.34,0.57,2.4,2.4,0.8,3.2,0.27,0.09,0.37,0.27,0.37,Matches,0562b7f1
134,Samuel Edozie,eng ENG,FWMF,Southampton,19-341,2003,10,2,318,3.5,0,0,0,0,0,0,0,0.00,0.00,0.00,0.00,0.00,0.7,0.7,0.2,0.9,0.19,0.06,0.26,0.19,0.26,Matches,007414dd
135,Anthony Elanga,se SWE,FW,Manchester Utd,20-252,2002,13,5,397,4.4,0,1,0,0,0,0,0,0.00,0.23,0.23,0.00,0.23,0.5,0.5,0.8,1.3,0.12,0.18,0.30,0.12,0.30,Matches,2fba6108
136,Harvey Elliott,eng ENG,MFFW,Liverpool,19-275,2003,17,12,1013,11.3,1,1,1,0,0,1,0,0.09,0.09,0.18,0.09,0.18,1.0,1.0,2.3,3.4,0.09,0.21,0.30,0.09,0.30,Matches,c8387671
137,Mohamed Elneny,eg EGY,MF,Arsenal,30-177,1992,5,1,113,1.3,0,0,0,0,0,0,0,0.00,0.00,0.00,0.00,0.00,0.0,0.0,0.0,0.0,0.00,0.00,0.00,0.00,0.00,Matches,47a34c4f
138,Mohamed Elyounoussi,no NOR,MFFW,Southampton,28-153,1994,16,14,1151,12.8,0,1,0,0,0,3,0,0.00,0.08,0.08,0.00,0.08,2.3,2.3,1.7,4.0,0.18,0.14,0.32,0.18,0.32,Matches,68dc0dac
139,Emerson,br BRA,DF,Tottenham,23-355,1999,13,11,910,10.1,0,1,0,0,0,1,1,0.00,0.10,0.10,0.00,0.10,1.0,1.0,0.3,1.3,0.10,0.03,0.13,0.10,0.13,Matches,df8b52a5
140,Christian Eriksen,dk DEN,MF,Manchester Utd,30-324,1992,16,15,1246,13.8,1,6,1,0,0,2,0,0.07,0.43,0.51,0.07,0.51,2.6,2.6,2.4,5.0,0.19,0.17,0.36,0.19,0.36,Matches,980522ec
141,Pervis Estupiñán,ec ECU,DF,Brighton,24-348,1998,14,11,901,10.0,0,0,0,0,0,3,0,0.00,0.00,0.00,0.00,0.00,0.1,0.1,1.8,1.9,0.01,0.18,0.19,0.01,0.19,Matches,d38fdf53
142,Jonny Evans,nir NIR,DF,Leicester City,35-001,1988,9,9,810,9.0,0,0,0,0,0,0,0,0.00,0.00,0.00,0.00,0.00,0.2,0.2,0.0,0.2,0.02,0.00,0.02,0.02,0.02,Matches,f8fcd2a5
143,Eberechi Eze,eng ENG,MFFW,Crystal Palace,24-189,1998,16,16,1271,14.1,3,3,3,0,0,0,0,0.21,0.21,0.42,0.21,0.42,2.2,2.2,2.4,4.6,0.16,0.17,0.32,0.16,0.32,Matches,ae4fc6a4
144,Łukasz Fabiański,pl POL,GK,West Ham,37-261,1985,17,17,1423,15.8,0,0,0,0,0,0,0,0.00,0.00,0.00,0.00,0.00,0.0,0.0,0.0,0.0,0.00,0.00,0.00,0.00,0.00,Matches,9328b835
145,Fabinho,br BRA,MF,Liverpool,29-073,1993,16,13,1177,13.1,0,0,0,0,0,2,0,0.00,0.00,0.00,0.00,0.00,0.3,0.3,0.5,0.8,0.02,0.04,0.06,0.02,0.06,Matches,7f3b388c
146,Wout Faes,be BEL,DF,Leicester City,24-276,1998,12,12,1080,12.0,0,0,0,0,0,1,0,0.00,0.00,0.00,0.00,0.00,0.3,0.3,0.3,0.7,0.03,0.03,0.06,0.03,0.06,Matches,9c221d14
147,Evan Ferguson,ie IRL,FW,Brighton,18-077,2004,3,1,109,1.2,2,1,2,0,0,1,0,1.65,0.83,2.48,1.65,2.48,1.0,1.0,0.1,1.1,0.82,0.09,0.91,0.82,0.91,Matches,4596da74
148,Bruno Fernandes,pt POR,MFFW,Manchester Utd,28-118,1994,16,16,1438,16.0,2,3,2,0,0,5,0,0.13,0.19,0.31,0.13,0.31,2.6,2.6,5.0,7.6,0.16,0.31,0.48,0.16,0.48,Matches,507c7bdf
149,Mateo Fernández,es ESP,MF,Leeds United,19-077,2003,1,0,2,0.0,0,0,0,0,0,0,0,0.00,0.00,0.00,0.00,0.00,0.0,0.0,0.0,0.0,0.00,0.00,0.00,0.00,0.00,Matches,6ad43f9a
150,Roberto Firmino,br BRA,FWMF,Liverpool,31-094,1991,13,11,929,10.3,7,3,7,0,0,0,0,0.68,0.29,0.97,0.68,0.97,4.2,4.2,1.8,6.0,0.41,0.17,0.58,0.41,0.58,Matches,4c370d81
151,Junior Firpo,es ESP,DF,Leeds United,26-135,1996,2,1,114,1.3,0,0,0,0,0,0,0,0.00,0.00,0.00,0.00,0.00,0.0,0.0,0.1,0.1,0.00,0.10,0.10,0.00,0.10,Matches,24f59bb2
152,Phil Foden,eng ENG,FWDF,Manchester City,22-221,2000,16,11,930,10.3,7,4,7,0,0,1,0,0.68,0.39,1.06,0.68,1.06,3.7,3.7,2.0,5.7,0.36,0.19,0.55,0.36,0.55,Matches,ed1e53f3
153,Wesley Fofana,fr FRA,DF,Leicester City,22-018,2000,2,2,180,2.0,0,0,0,0,0,1,0,0.00,0.00,0.00,0.00,0.00,0.1,0.1,0.0,0.1,0.06,0.00,0.06,0.06,0.06,Matches,132a82f1
154,Wesley Fofana,fr FRA,DF,Chelsea,22-018,2000,2,2,180,2.0,0,0,0,0,0,0,0,0.00,0.00,0.00,0.00,0.00,0.0,0.0,0.0,0.0,0.01,0.00,0.01,0.01,0.01,Matches,132a82f1
155,Pablo Fornals,es ESP,FWMF,West Ham,26-316,1996,15,9,789,8.8,1,0,1,0,0,0,0,0.11,0.00,0.11,0.11,0.11,0.6,0.6,1.0,1.6,0.07,0.11,0.18,0.07,0.18,Matches,82927de4
156,Adam Forshaw,eng ENG,MF,Leeds United,31-088,1991,5,2,159,1.8,0,0,0,0,0,0,0,0.00,0.00,0.00,0.00,0.00,0.0,0.0,0.5,0.5,0.00,0.26,0.26,0.00,0.26,Matches,9f1938ab
157,Fraser Forster,eng ENG,GK,Tottenham,34-293,1988,1,1,90,1.0,0,0,0,0,0,0,0,0.00,0.00,0.00,0.00,0.00,0.0,0.0,0.0,0.0,0.00,0.00,0.00,0.00,0.00,Matches,c3e39f12
158,Tyrese Francois,au AUS,FW,Fulham,22-172,2000,1,0,1,0.0,0,0,0,0,0,0,0,0.00,0.00,0.00,0.00,0.00,0.0,0.0,0.0,0.0,0.00,0.00,0.00,0.00,0.00,Matches,6722d4f0
159,Ryan Fraser,sct SCO,FW,Newcastle Utd,28-314,1994,8,3,313,3.5,0,0,0,0,0,1,0,0.00,0.00,0.00,0.00,0.00,0.3,0.3,0.4,0.7,0.09,0.11,0.20,0.09,0.20,Matches,d56543a0
160,Fred,br BRA,MF,Manchester Utd,29-305,1993,14,4,465,5.2,2,0,2,0,0,3,0,0.39,0.00,0.39,0.39,0.39,1.3,1.3,1.0,2.3,0.24,0.20,0.44,0.24,0.44,Matches,b853e0ad
161,Ryan Fredericks,eng ENG,DF,Bournemouth,30-086,1992,8,5,451,5.0,0,0,0,0,0,1,0,0.00,0.00,0.00,0.00,0.00,0.0,0.0,0.1,0.1,0.00,0.02,0.02,0.00,0.02,Matches,c067631c
162,Remo Freuler,ch SUI,MF,Nott'ham Forest,30-264,1992,13,11,1011,11.2,0,0,0,0,0,2,0,0.00,0.00,0.00,0.00,0.00,0.1,0.1,0.4,0.5,0.01,0.03,0.04,0.01,0.04,Matches,98d2c2c4
163,Conor Gallagher,eng ENG,MFFW,Chelsea,22-332,2000,14,7,526,5.8,1,1,1,0,0,4,1,0.17,0.17,0.34,0.17,0.34,0.7,0.7,1.3,2.0,0.13,0.21,0.34,0.13,0.34,Matches,c2731c10
164,Idrissa Gana Gueye,sn SEN,MF,Everton,33-100,1989,13,12,960,10.7,0,1,0,0,0,3,0,0.00,0.09,0.09,0.00,0.09,0.0,0.0,0.7,0.7,0.00,0.07,0.07,0.00,0.07,Matches,72c812f3
165,Alejandro Garnacho,es ESP,FW,Manchester Utd,18-187,2004,6,2,201,2.2,1,1,1,0,0,2,0,0.45,0.45,0.90,0.45,0.90,0.9,0.9,0.3,1.2,0.39,0.15,0.54,0.39,0.54,Matches,7aa8adfe
166,James Garner,eng ENG,MF,Everton,21-297,2001,6,0,142,1.6,0,0,0,0,0,1,0,0.00,0.00,0.00,0.00,0.00,0.1,0.1,0.0,0.1,0.03,0.00,0.03,0.03,0.03,Matches,4e015693
167,David de Gea,es ESP,GK,Manchester Utd,32-058,1990,17,17,1530,17.0,0,0,0,0,0,0,0,0.00,0.00,0.00,0.00,0.00,0.0,0.0,0.1,0.1,0.00,0.01,0.01,0.00,0.01,Matches,7ba6d84e
168,Joe Gelhardt,eng ENG,FW,Leeds United,20-245,2002,13,1,197,2.2,0,1,0,0,0,1,0,0.00,0.46,0.46,0.00,0.46,0.8,0.8,0.1,1.0,0.38,0.06,0.45,0.38,0.45,Matches,01962d0d
169,Saman Ghoddos,ir IRN,MFFW,Brentford,29-120,1993,9,0,90,1.0,0,0,0,0,0,0,0,0.00,0.00,0.00,0.00,0.00,0.0,0.0,0.2,0.3,0.05,0.23,0.27,0.05,0.27,Matches,f7b1d4e0
170,Morgan Gibbs-White,eng ENG,FWMF,Wolves,22-342,2000,2,2,180,2.0,0,0,0,0,0,1,0,0.00,0.00,0.00,0.00,0.00,0.7,0.7,0.1,0.8,0.36,0.04,0.40,0.36,0.40,Matches,32f60ed8
171,Morgan Gibbs-White,eng ENG,FWMF,Nott'ham Forest,22-342,2000,14,13,1126,12.5,2,2,2,0,0,1,0,0.16,0.16,0.32,0.16,0.32,2.5,2.5,2.6,5.0,0.20,0.21,0.40,0.20,0.40,Matches,32f60ed8
172,Billy Gilmour,sct SCO,MF,Brighton,21-207,2001,6,1,107,1.2,0,0,0,0,0,1,0,0.00,0.00,0.00,0.00,0.00,0.0,0.0,0.0,0.0,0.00,0.00,0.00,0.00,0.00,Matches,df10e27c
173,Degnand Gnonto,it ITA,FW,Leeds United,19-060,2003,5,3,268,3.0,0,1,0,0,0,2,0,0.00,0.34,0.34,0.00,0.34,0.2,0.2,0.7,0.8,0.05,0.23,0.28,0.05,0.28,Matches,75fdd638
174,Ben Godfrey,eng ENG,DF,Everton,24-354,1998,3,2,121,1.3,0,0,0,0,0,0,0,0.00,0.00,0.00,0.00,0.00,0.5,0.5,0.0,0.5,0.40,0.00,0.40,0.40,0.40,Matches,9f7c837d
175,Toti Gomes,pt POR,DF,Wolves,23-353,1999,5,3,290,3.2,0,0,0,0,0,2,0,0.00,0.00,0.00,0.00,0.00,0.0,0.0,0.1,0.1,0.00,0.02,0.02,0.00,0.02,Matches,f0caab96
176,Joe Gomez,eng ENG,DF,Liverpool,25-226,1997,14,9,904,10.0,0,0,0,0,0,2,0,0.00,0.00,0.00,0.00,0.00,0.1,0.1,0.2,0.3,0.01,0.01,0.03,0.01,0.03,Matches,7a11550b
177,Sergio Gómez,es ESP,DFMF,Manchester City,22-122,2000,5,0,111,1.2,0,1,0,0,0,0,0,0.00,0.81,0.81,0.00,0.81,0.1,0.1,0.4,0.5,0.11,0.33,0.44,0.11,0.44,Matches,01e5f06e
178,Anthony Gordon,eng ENG,FW,Everton,21-314,2001,15,12,1073,11.9,3,0,3,0,0,6,0,0.25,0.00,0.25,0.25,0.25,3.3,3.3,0.6,3.9,0.28,0.05,0.33,0.28,0.33,Matches,2bd83368
179,Demarai Gray,eng ENG,FWMF,Everton,26-190,1996,18,17,1499,16.7,3,0,2,1,1,1,0,0.18,0.00,0.18,0.12,0.12,3.4,2.6,2.2,4.8,0.20,0.13,0.33,0.16,0.29,Matches,4468ec10
180,Jack Grealish,eng ENG,FW,Manchester City,27-116,1995,10,8,705,7.8,1,2,1,0,0,0,0,0.13,0.26,0.38,0.13,0.38,1.7,1.7,2.2,3.9,0.21,0.28,0.49,0.21,0.49,Matches,b0b4fd3e
181,Sam Greenwood,eng ENG,MFFW,Leeds United,20-343,2002,7,2,278,3.1,1,2,1,0,0,1,0,0.32,0.65,0.97,0.32,0.97,0.6,0.6,0.6,1.2,0.20,0.18,0.38,0.20,0.38,Matches,f3354c07
182,Pascal Groß,de GER,MFFW,Brighton,31-203,1991,17,17,1461,16.2,6,3,6,0,0,2,0,0.37,0.18,0.55,0.37,0.55,3.2,3.2,4.1,7.3,0.20,0.25,0.45,0.20,0.45,Matches,8aec0537
183,Vicente Guaita,es ESP,GK,Crystal Palace,35-359,1987,16,16,1440,16.0,0,0,0,0,0,1,0,0.00,0.00,0.00,0.00,0.00,0.0,0.0,0.0,0.0,0.00,0.00,0.00,0.00,0.00,Matches,ab13a5aa
184,Gonçalo Guedes,pt POR,FWMF,Wolves,26-036,1996,13,8,707,7.9,1,1,1,0,0,1,0,0.13,0.13,0.25,0.13,0.25,1.2,1.2,0.5,1.7,0.15,0.06,0.22,0.15,0.22,Matches,e6bc67d7
185,Marc Guéhi,eng ENG,DF,Crystal Palace,22-175,2000,15,15,1350,15.0,0,0,0,0,0,5,0,0.00,0.00,0.00,0.00,0.00,0.3,0.3,0.1,0.4,0.02,0.01,0.03,0.02,0.03,Matches,d0706b27
186,Bruno Guimarães,br BRA,MF,Newcastle Utd,25-049,1997,15,15,1262,14.0,3,3,3,0,0,3,0,0.21,0.21,0.43,0.21,0.43,0.9,0.9,1.7,2.6,0.06,0.12,0.18,0.06,0.18,Matches,82518f62
187,İlkay Gündoğan,de GER,MF,Manchester City,32-072,1990,14,11,985,10.9,2,2,2,0,0,0,0,0.18,0.18,0.37,0.18,0.37,2.6,2.6,2.1,4.7,0.23,0.19,0.43,0.23,0.43,Matches,819b3158
188,Darko Gyabi,eng ENG,FW,Leeds United,18-320,2004,1,0,8,0.1,0,0,0,0,0,0,0,0.00,0.00,0.00,0.00,0.00,0.1,0.1,0.0,0.1,0.72,0.00,0.72,0.72,0.72,Matches,56d838f7
189,Erling Haaland,no NOR,FW,Manchester City,22-167,2000,15,14,1217,13.5,21,3,18,3,3,3,0,1.55,0.22,1.77,1.33,1.55,13.6,11.2,2.9,14.1,1.00,0.21,1.22,0.83,1.04,Matches,1f44ac21
190,Lewis Hall,eng ENG,DF,Chelsea,18-118,2004,1,1,72,0.8,0,0,0,0,0,0,0,0.00,0.00,0.00,0.00,0.00,0.0,0.0,0.1,0.1,0.00,0.17,0.17,0.00,0.17,Matches,da011f18
191,Luke Harris,wls WAL,MFFW,Fulham,17-276,2005,3,0,13,0.1,0,0,0,0,0,0,0,0.00,0.00,0.00,0.00,0.00,0.0,0.0,0.0,0.0,0.00,0.00,0.00,0.00,0.00,Matches,8c3078cd
192,Jack Harrison,eng ENG,FWMF,Leeds United,26-045,1996,14,13,1000,11.1,1,3,1,0,0,2,0,0.09,0.27,0.36,0.09,0.36,1.3,1.3,2.0,3.4,0.12,0.18,0.30,0.12,0.30,Matches,aa849a12
193,Kai Havertz,de GER,FWMF,Chelsea,23-207,1999,15,13,1063,11.8,4,1,4,0,0,3,0,0.34,0.08,0.42,0.34,0.42,3.7,3.7,0.7,4.4,0.31,0.06,0.37,0.31,0.37,Matches,fed7cb61
194,Jan Paul van Hecke,nl NED,DF,Brighton,22-210,2000,1,0,3,0.0,0,0,0,0,0,0,0,0.00,0.00,0.00,0.00,0.00,0.0,0.0,0.0,0.0,0.00,0.00,0.00,0.00,0.00,Matches,4fd08daa
195,Hwang Hee-chan,kr KOR,FW,Wolves,26-343,1996,13,5,474,5.3,0,1,0,0,0,0,0,0.00,0.19,0.19,0.00,0.19,0.4,0.4,0.7,1.2,0.09,0.14,0.22,0.09,0.22,Matches,169fd162
196,Dean Henderson,eng ENG,GK,Nott'ham Forest,25-298,1997,16,16,1440,16.0,0,0,0,0,0,2,0,0.00,0.00,0.00,0.00,0.00,0.0,0.0,0.0,0.0,0.00,0.00,0.00,0.00,0.00,Matches,e5a76dfe
197,Jordan Henderson,eng ENG,MF,Liverpool,32-201,1990,14,9,816,9.1,0,0,0,0,0,0,0,0.00,0.00,0.00,0.00,0.00,0.6,0.6,1.1,1.7,0.07,0.12,0.18,0.07,0.18,Matches,935e6b8f
198,Wayne Hennessey,wls WAL,GK,Nott'ham Forest,35-345,1987,1,1,90,1.0,0,0,0,0,0,0,0,0.00,0.00,0.00,0.00,0.00,0.0,0.0,0.0,0.0,0.00,0.00,0.00,0.00,0.00,Matches,76eca7e2
199,Rico Henry,eng ENG,DF,Brentford,25-180,1997,18,18,1615,17.9,0,1,0,0,0,0,0,0.00,0.06,0.06,0.00,0.06,0.5,0.5,1.0,1.6,0.03,0.06,0.09,0.03,0.09,Matches,8a3c1dc7
200,Son Heung-min,kr KOR,MFFW,Tottenham,30-180,1992,15,14,1210,13.4,3,2,3,0,0,0,0,0.22,0.15,0.37,0.22,0.37,3.7,3.7,2.8,6.5,0.27,0.21,0.48,0.27,0.48,Matches,92e7e919
201,Aaron Hickey,sct SCO,DF,Brentford,20-208,2002,9,8,679,7.5,0,0,0,0,0,4,0,0.00,0.00,0.00,0.00,0.00,0.1,0.1,0.0,0.1,0.01,0.00,0.01,0.01,0.01,Matches,1780bb4a
202,Joseph Hodge,ie IRL,MF,Wolves,20-112,2002,4,1,137,1.5,0,0,0,0,0,1,0,0.00,0.00,0.00,0.00,0.00,0.1,0.1,0.0,0.1,0.08,0.00,0.08,0.08,0.08,Matches,bd8a5d95
203,Rob Holding,eng ENG,DF,Arsenal,27-106,1995,5,0,18,0.2,0,0,0,0,0,0,0,0.00,0.00,0.00,0.00,0.00,0.0,0.0,0.0,0.0,0.00,0.00,0.00,0.00,0.00,Matches,d79a8c87
204,Mason Holgate,eng ENG,DF,Everton,26-074,1996,4,3,320,3.6,0,0,0,0,0,1,0,0.00,0.00,0.00,0.00,0.00,0.3,0.3,0.3,0.6,0.08,0.08,0.16,0.08,0.16,Matches,d0042ab9
205,Will Hughes,eng ENG,MFFW,Crystal Palace,27-262,1995,10,0,102,1.1,0,0,0,0,0,0,0,0.00,0.00,0.00,0.00,0.00,0.1,0.1,0.0,0.1,0.13,0.00,0.13,0.13,0.13,Matches,a0666d3e
206,Pierre Højbjerg,dk DEN,MF,Tottenham,27-152,1995,16,16,1421,15.8,4,2,4,0,0,1,0,0.25,0.13,0.38,0.25,0.38,1.2,1.2,1.4,2.6,0.08,0.09,0.17,0.08,0.17,Matches,8b04d6c1
207,Kelechi Iheanacho,ng NGA,FW,Leicester City,26-093,1996,13,1,278,3.1,1,1,1,0,0,0,0,0.32,0.32,0.65,0.32,0.65,1.6,1.6,0.7,2.2,0.51,0.21,0.73,0.51,0.73,Matches,c92e1a31
208,Danny Ings,eng ENG,FW,Aston Villa,30-165,1992,16,8,740,8.2,5,0,3,2,2,3,0,0.61,0.00,0.61,0.36,0.36,4.4,2.8,0.4,3.2,0.54,0.04,0.58,0.34,0.39,Matches,07802f7f
209,Alexander Isak,se SWE,FW,Newcastle Utd,23-105,1999,3,3,242,2.7,2,0,1,1,1,0,0,0.74,0.00,0.74,0.37,0.37,2.2,1.4,0.3,1.7,0.82,0.10,0.93,0.53,0.63,Matches,8e92be30
210,Alex Iwobi,ng NGA,MF,Everton,26-246,1996,18,18,1602,17.8,1,5,1,0,0,2,0,0.06,0.28,0.34,0.06,0.34,1.1,1.1,2.7,3.8,0.06,0.15,0.21,0.06,0.21,Matches,6ca5ec4b
211,Daniel James,wls WAL,FW,Leeds United,25-055,1997,4,2,198,2.2,0,0,0,0,0,0,0,0.00,0.00,0.00,0.00,0.00,0.3,0.3,0.3,0.6,0.12,0.15,0.27,0.12,0.27,Matches,c931d9f9
212,Daniel James,wls WAL,FW,Fulham,25-055,1997,10,3,345,3.8,1,0,1,0,0,0,0,0.26,0.00,0.26,0.26,0.26,1.3,1.3,0.3,1.6,0.34,0.08,0.43,0.34,0.43,Matches,c931d9f9
213,Reece James,eng ENG,DFMF,Chelsea,23-027,1999,8,7,611,6.8,1,1,1,0,0,3,0,0.15,0.15,0.29,0.15,0.29,0.8,0.8,1.6,2.4,0.12,0.23,0.35,0.12,0.35,Matches,1265a93a
214,Vitaly Janelt,de GER,MFDF,Brentford,24-239,1998,18,13,1198,13.3,2,1,2,0,0,1,0,0.15,0.08,0.23,0.15,0.23,1.9,1.9,0.7,2.6,0.14,0.06,0.20,0.14,0.20,Matches,8449d35e
215,Pontus Jansson,se SWE,DF,Brentford,31-325,1991,7,6,515,5.7,0,0,0,0,0,0,0,0.00,0.00,0.00,0.00,0.00,0.0,0.0,0.0,0.0,0.00,0.00,0.00,0.00,0.00,Matches,172e52d8
216,Mathias Jensen,dk DEN,MF,Brentford,27-003,1996,18,18,1324,14.7,1,4,1,0,0,3,0,0.07,0.27,0.34,0.07,0.34,0.7,0.7,2.1,2.8,0.05,0.14,0.19,0.05,0.19,Matches,0f134faf
217,Gabriel Jesus,br BRA,FW,Arsenal,25-276,1997,14,14,1219,13.5,5,5,5,0,0,4,0,0.37,0.37,0.74,0.37,0.74,7.7,7.7,2.8,10.6,0.57,0.21,0.78,0.57,0.78,Matches,b66315ae
218,Raúl Jiménez,mx MEX,FW,Wolves,31-244,1991,4,2,222,2.5,0,0,0,0,0,0,0,0.00,0.00,0.00,0.00,0.00,1.0,1.0,0.4,1.4,0.40,0.18,0.58,0.40,0.58,Matches,b561db50
219,Joelinton,br BRA,MFFW,Newcastle Utd,26-143,1996,16,15,1330,14.8,2,1,2,0,0,6,0,0.14,0.07,0.20,0.14,0.20,3.0,3.0,1.8,4.8,0.20,0.12,0.32,0.20,0.32,Matches,c17bfb65
220,Ben Johnson,eng ENG,DF,West Ham,22-345,2000,7,6,488,5.4,0,0,0,0,0,0,0,0.00,0.00,0.00,0.00,0.00,0.0,0.0,0.2,0.2,0.00,0.03,0.03,0.00,0.03,Matches,9319781b
221,Brennan Johnson,wls WAL,FW,Nott'ham Forest,21-226,2001,17,15,1358,15.1,2,0,1,1,2,2,0,0.13,0.00,0.13,0.07,0.07,4.0,2.4,0.8,3.2,0.26,0.06,0.32,0.16,0.21,Matches,0cd31129
222,Curtis Jones,eng ENG,MFFW,Liverpool,21-339,2001,5,1,180,2.0,0,0,0,0,0,0,0,0.00,0.00,0.00,0.00,0.00,0.2,0.2,0.2,0.4,0.09,0.09,0.18,0.09,0.18,Matches,4fb9c88f
223,Jorginho,it ITA,MF,Chelsea,31-015,1991,15,13,1064,11.8,2,0,0,2,2,3,0,0.17,0.00,0.17,0.00,0.00,1.7,0.1,0.3,0.5,0.14,0.03,0.17,0.01,0.04,Matches,45db685d
224,Diogo Jota,pt POR,FWMF,Liverpool,26-031,1996,4,2,196,2.2,0,1,0,0,0,1,0,0.00,0.46,0.46,0.00,0.46,0.8,0.8,0.8,1.6,0.35,0.38,0.73,0.35,0.73,Matches,178ae8f8
225,James Justin,eng ENG,DF,Leicester City,24-315,1998,14,14,1252,13.9,0,0,0,0,0,0,0,0.00,0.00,0.00,0.00,0.00,0.3,0.3,0.3,0.6,0.02,0.02,0.05,0.02,0.05,Matches,fb614c44
226,Mathias Jørgensen,dk DEN,DF,Brentford,32-256,1990,11,8,727,8.1,0,0,0,0,0,1,0,0.00,0.00,0.00,0.00,0.00,0.5,0.5,0.1,0.5,0.06,0.01,0.07,0.06,0.07,Matches,0db5d2c8
227,Sasa Kalajdzic,at AUT,FW,Wolves,25-181,1997,1,1,45,0.5,0,0,0,0,0,0,0,0.00,0.00,0.00,0.00,0.00,0.3,0.3,0.0,0.3,0.53,0.00,0.53,0.53,0.53,Matches,15f24fe7
228,Boubacar Kamara,fr FRA,MF,Aston Villa,23-042,1999,11,10,844,9.4,0,0,0,0,0,2,0,0.00,0.00,0.00,0.00,0.00,0.0,0.0,0.1,0.1,0.01,0.01,0.02,0.01,0.02,Matches,cc77354e
229,Harry Kane,eng ENG,FW,Tottenham,29-160,1993,17,17,1515,16.8,13,1,11,2,3,4,0,0.77,0.06,0.83,0.65,0.71,10.1,7.8,2.4,10.2,0.60,0.14,0.75,0.46,0.61,Matches,21a66f6a
230,N'Golo Kanté,fr FRA,MF,Chelsea,31-281,1991,2,2,174,1.9,0,0,0,0,0,0,0,0.00,0.00,0.00,0.00,0.00,0.1,0.1,0.3,0.4,0.05,0.13,0.18,0.05,0.18,Matches,b9fbae28
231,Michael Keane,eng ENG,DF,Everton,29-358,1993,1,0,23,0.3,0,0,0,0,0,0,0,0.00,0.00,0.00,0.00,0.00,0.0,0.0,0.0,0.0,0.00,0.00,0.00,0.00,0.00,Matches,c5b7c315
232,Neeskens Kebano,cd COD,FW,Fulham,30-300,1992,12,9,713,7.9,0,3,0,0,0,0,0,0.00,0.38,0.38,0.00,0.38,0.5,0.5,1.4,1.8,0.06,0.17,0.23,0.06,0.23,Matches,18b999f4
233,Thilo Kehrer,de GER,DF,West Ham,26-105,1996,14,14,1260,14.0,0,0,0,0,0,4,0,0.00,0.00,0.00,0.00,0.00,0.4,0.4,0.2,0.6,0.03,0.02,0.04,0.03,0.04,Matches,51dbeea9
234,Naby Keïta,gn GUI,MF,Liverpool,27-328,1995,3,0,98,1.1,0,0,0,0,0,0,0,0.00,0.00,0.00,0.00,0.00,0.1,0.1,0.2,0.3,0.13,0.17,0.31,0.13,0.31,Matches,f25c8e3a
235,Lloyd Kelly,eng ENG,DF,Bournemouth,24-090,1998,8,8,720,8.0,0,2,0,0,0,1,0,0.00,0.25,0.25,0.00,0.25,0.1,0.1,0.1,0.2,0.01,0.02,0.03,0.01,0.03,Matches,f31def1e
236,Max Kilman,eng ENG,DF,Wolves,25-226,1997,17,17,1530,17.0,0,0,0,0,0,1,0,0.00,0.00,0.00,0.00,0.00,0.6,0.6,0.0,0.6,0.03,0.00,0.03,0.03,0.03,Matches,d0f72bf1
237,Mateusz Klich,pl POL,MFFW,Leeds United,32-205,1990,13,0,252,2.8,0,0,0,0,0,2,0,0.00,0.00,0.00,0.00,0.00,0.1,0.1,0.2,0.3,0.05,0.07,0.12,0.05,0.12,Matches,282679b4
238,Robin Koch,de GER,DF,Leeds United,26-171,1996,16,16,1395,15.5,0,0,0,0,0,3,0,0.00,0.00,0.00,0.00,0.00,0.2,0.2,0.0,0.2,0.01,0.00,0.01,0.01,0.01,Matches,ea6bc03a
239,Ibrahima Konaté,fr FRA,DF,Liverpool,23-224,1999,3,2,202,2.2,0,0,0,0,0,0,0,0.00,0.00,0.00,0.00,0.00,0.1,0.1,0.0,0.1,0.06,0.00,0.06,0.06,0.06,Matches,5ed9b537
240,Ezri Konsa,eng ENG,DF,Aston Villa,25-073,1997,17,16,1432,15.9,0,0,0,0,0,3,0,0.00,0.00,0.00,0.00,0.00,0.5,0.5,0.5,0.9,0.03,0.03,0.06,0.03,0.06,Matches,0313a347
241,Kalidou Koulibaly,sn SEN,DF,Chelsea,31-198,1991,11,10,922,10.2,1,0,1,0,0,4,1,0.10,0.00,0.10,0.10,0.10,0.4,0.4,0.3,0.8,0.04,0.03,0.07,0.04,0.07,Matches,da974c7b
242,Cheikhou Kouyaté,sn SEN,MFDF,Nott'ham Forest,33-014,1989,12,9,704,7.8,1,0,1,0,0,2,0,0.13,0.00,0.13,0.13,0.13,0.3,0.3,0.6,1.0,0.04,0.08,0.12,0.04,0.12,Matches,8d3c902d
243,Mateo Kovačić,hr CRO,MF,Chelsea,28-243,1994,12,5,665,7.4,0,1,0,0,0,2,0,0.00,0.14,0.14,0.00,0.14,0.3,0.3,0.5,0.8,0.05,0.07,0.11,0.05,0.11,Matches,79c0821a
244,Emil Krafth,se SWE,DF,Newcastle Utd,28-155,1994,1,0,1,0.0,0,0,0,0,0,0,0,0.00,0.00,0.00,0.00,0.00,0.0,0.0,0.0,0.0,0.00,0.00,0.00,0.00,0.00,Matches,77cf6852
245,Dejan Kulusevski,se SWE,MFFW,Tottenham,22-254,2000,10,8,701,7.8,1,5,1,0,0,0,0,0.13,0.64,0.77,0.13,0.77,1.0,1.0,2.2,3.2,0.13,0.29,0.41,0.13,0.41,Matches,df3cda47
246,Layvin Kurzawa,fr FRA,DF,Fulham,30-122,1992,1,1,44,0.5,0,0,0,0,0,0,0,0.00,0.00,0.00,0.00,0.00,0.0,0.0,0.0,0.0,0.00,0.00,0.00,0.00,0.00,Matches,41e7ef1c
247,Adam Lallana,eng ENG,MFFW,Brighton,34-239,1988,14,10,628,7.0,2,1,2,0,0,0,0,0.29,0.14,0.43,0.29,0.43,0.8,0.8,0.9,1.7,0.12,0.13,0.25,0.12,0.25,Matches,99813635
248,Tariq Lamptey,gh GHA,DF,Brighton,22-096,2000,14,1,306,3.4,0,0,0,0,0,1,0,0.00,0.00,0.00,0.00,0.00,0.1,0.1,0.1,0.2,0.02,0.04,0.06,0.02,0.06,Matches,f4e433d4
249,Manuel Lanzini,ar ARG,MFFW,West Ham,29-323,1993,5,1,126,1.4,0,0,0,0,0,0,0,0.00,0.00,0.00,0.00,0.00,0.1,0.1,0.0,0.1,0.04,0.00,0.04,0.04,0.04,Matches,26f6dca8
250,Aymeric Laporte,es ESP,DF,Manchester City,28-222,1994,4,3,286,3.2,0,0,0,0,0,0,0,0.00,0.00,0.00,0.00,0.00,0.2,0.2,0.1,0.3,0.06,0.04,0.10,0.06,0.10,Matches,119b9a8e
251,Juan Larios,es ESP,DF,Southampton,18-357,2004,5,2,152,1.7,0,0,0,0,0,0,0,0.00,0.00,0.00,0.00,0.00,0.0,0.0,0.0,0.0,0.00,0.00,0.00,0.00,0.00,Matches,cf7fb13a
252,Jamaal Lascelles,eng ENG,DF,Newcastle Utd,29-054,1993,4,1,107,1.2,0,0,0,0,0,3,0,0.00,0.00,0.00,0.00,0.00,0.1,0.1,0.0,0.1,0.06,0.00,0.06,0.06,0.06,Matches,450ab6fc
253,Roméo Lavia,be BEL,MF,Southampton,18-363,2004,8,6,558,6.2,1,0,1,0,0,2,0,0.16,0.00,0.16,0.16,0.16,0.2,0.2,0.2,0.4,0.03,0.03,0.06,0.03,0.06,Matches,ecad9aa5
254,Dexter Lembikisa,jm JAM,DF,Wolves,19-061,2003,1,0,23,0.3,0,0,0,0,0,0,0,0.00,0.00,0.00,0.00,0.00,0.0,0.0,0.0,0.0,0.00,0.00,0.00,0.00,0.00,Matches,0bdda685
255,Clément Lenglet,fr FRA,DF,Tottenham,27-201,1995,10,9,750,8.3,0,2,0,0,0,1,0,0.00,0.24,0.24,0.00,0.24,0.6,0.6,0.6,1.2,0.07,0.07,0.14,0.07,0.14,Matches,4f28a6ff
256,Bernd Leno,de GER,GK,Fulham,30-306,1992,16,16,1440,16.0,0,0,0,0,0,1,0,0.00,0.00,0.00,0.00,0.00,0.0,0.0,0.0,0.0,0.00,0.00,0.00,0.00,0.00,Matches,2628fd2b
257,Jefferson Lerma,co COL,MFDF,Bournemouth,28-071,1994,18,18,1613,17.9,2,0,2,0,0,3,0,0.11,0.00,0.11,0.11,0.11,1.2,1.2,0.4,1.6,0.07,0.02,0.09,0.07,0.09,Matches,9b5ce51a
258,Jamal Lewis,nir NIR,DF,Newcastle Utd,24-344,1998,1,0,8,0.1,0,0,0,0,0,0,0,0.00,0.00,0.00,0.00,0.00,0.0,0.0,0.0,0.0,0.00,0.00,0.00,0.00,0.00,Matches,efb9215a
259,Rico Lewis,eng ENG,DF,Manchester City,18-044,2004,5,2,191,2.1,0,0,0,0,0,1,0,0.00,0.00,0.00,0.00,0.00,0.0,0.0,0.2,0.2,0.00,0.12,0.12,0.00,0.12,Matches,b57e066e
260,Keane Lewis-Potter,eng ENG,FWMF,Brentford,21-316,2001,8,3,304,3.4,0,1,0,0,0,0,0,0.00,0.30,0.30,0.00,0.30,0.5,0.5,1.2,1.7,0.14,0.37,0.51,0.14,0.51,Matches,41f08ac8
261,Victor Lindelöf,se SWE,DF,Manchester Utd,28-171,1994,6,4,439,4.9,0,0,0,0,0,0,0,0.00,0.00,0.00,0.00,0.00,0.0,0.0,0.0,0.0,0.00,0.00,0.00,0.00,0.00,Matches,f5deef4c
262,Jesse Lingard,eng ENG,FWMF,Nott'ham Forest,30-020,1992,14,11,861,9.6,0,0,0,0,0,1,0,0.00,0.00,0.00,0.00,0.00,1.0,1.0,0.7,1.7,0.11,0.07,0.18,0.11,0.18,Matches,810e3c74
263,Diego Llorente,es ESP,DF,Leeds United,29-141,1993,8,7,649,7.2,0,0,0,0,0,1,0,0.00,0.00,0.00,0.00,0.00,0.7,0.7,0.0,0.7,0.10,0.00,0.10,0.10,0.10,Matches,bba30585
264,Hugo Lloris,fr FRA,GK,Tottenham,36-009,1986,16,16,1440,16.0,0,0,0,0,0,0,0,0.00,0.00,0.00,0.00,0.00,0.0,0.0,0.0,0.0,0.00,0.00,0.00,0.00,0.00,Matches,8f62b6ee
265,Renan Lodi,br BRA,DF,Nott'ham Forest,24-271,1998,9,8,656,7.3,0,0,0,0,0,2,0,0.00,0.00,0.00,0.00,0.00,0.4,0.4,0.3,0.8,0.06,0.05,0.10,0.06,0.10,Matches,ed9f7cfe
266,Ruben Loftus-Cheek,eng ENG,MFDF,Chelsea,26-346,1996,14,12,954,10.6,0,0,0,0,0,1,0,0.00,0.00,0.00,0.00,0.00,0.8,0.8,0.9,1.8,0.08,0.09,0.17,0.08,0.17,Matches,e97fd090
267,Sean Longstaff,eng ENG,MF,Newcastle Utd,25-066,1997,18,14,1325,14.7,1,2,1,0,0,2,0,0.07,0.14,0.20,0.07,0.20,1.7,1.7,1.8,3.5,0.11,0.12,0.24,0.11,0.24,Matches,a2b105e0
268,Jamal Lowe,jm JAM,MFFW,Bournemouth,28-167,1994,2,0,12,0.1,0,0,0,0,0,0,0,0.00,0.00,0.00,0.00,0.00,0.0,0.0,0.0,0.0,0.00,0.00,0.00,0.00,0.00,Matches,b2856bc0
269,Douglas Luiz,br BRA,MF,Aston Villa,24-240,1998,16,12,1101,12.2,2,3,2,0,0,1,1,0.16,0.25,0.41,0.16,0.41,0.7,0.7,1.6,2.2,0.06,0.13,0.18,0.06,0.18,Matches,6f7d826d
270,Lyanco,br BRA,DF,Southampton,25-337,1997,9,4,416,4.6,0,0,0,0,0,2,0,0.00,0.00,0.00,0.00,0.00,0.1,0.1,0.1,0.2,0.03,0.01,0.04,0.03,0.04,Matches,b5bf1770
271,Alexis Mac Allister,ar ARG,MF,Brighton,24-011,1998,15,14,1285,14.3,5,0,2,3,3,4,0,0.35,0.00,0.35,0.14,0.14,3.6,1.2,0.8,2.1,0.25,0.06,0.31,0.09,0.15,Matches,83d074ff
272,James Maddison,eng ENG,MFFW,Leicester City,26-042,1996,13,13,1098,12.2,7,4,7,0,0,5,0,0.57,0.33,0.90,0.57,0.90,2.6,2.6,2.9,5.4,0.21,0.24,0.45,0.21,0.45,Matches,ee38d9c5
273,Harry Maguire,eng ENG,DF,Manchester Utd,29-305,1993,7,4,386,4.3,0,0,0,0,0,3,0,0.00,0.00,0.00,0.00,0.00,0.2,0.2,0.0,0.2,0.05,0.01,0.06,0.05,0.06,Matches,d8931174
274,Riyad Mahrez,dz ALG,FW,Manchester City,31-317,1991,11,6,549,6.1,1,1,1,0,0,1,0,0.16,0.16,0.33,0.16,0.33,1.6,1.6,1.8,3.4,0.26,0.29,0.56,0.26,0.56,Matches,892d5bb1
275,Ainsley Maitland-Niles,eng ENG,MFDF,Southampton,25-128,1997,9,5,538,6.0,0,0,0,0,0,2,0,0.00,0.00,0.00,0.00,0.00,0.0,0.0,0.4,0.4,0.00,0.06,0.06,0.00,0.06,Matches,e3a5814e
276,Tyrell Malacia,nl NED,DF,Manchester Utd,23-140,1999,11,8,747,8.3,0,0,0,0,0,3,0,0.00,0.00,0.00,0.00,0.00,0.2,0.2,0.1,0.3,0.02,0.01,0.03,0.02,0.03,Matches,6b6c793c
277,Orel Mangala,be BEL,MF,Nott'ham Forest,24-292,1998,9,5,406,4.5,0,0,0,0,0,1,0,0.00,0.00,0.00,0.00,0.00,0.3,0.3,0.0,0.4,0.07,0.01,0.08,0.07,0.08,Matches,a572e291
278,Javier Manquillo,es ESP,DF,Newcastle Utd,28-244,1994,1,0,11,0.1,0,0,0,0,0,0,0,0.00,0.00,0.00,0.00,0.00,0.0,0.0,0.0,0.0,0.00,0.00,0.00,0.00,0.00,Matches,758dd7f0
279,Sekou Mara,fr FRA,FWMF,Southampton,20-158,2002,11,2,228,2.5,0,1,0,0,0,0,0,0.00,0.39,0.39,0.00,0.39,0.7,0.7,0.5,1.2,0.28,0.20,0.48,0.28,0.48,Matches,3544641e
280,Solly March,eng ENG,DFFW,Brighton,28-168,1994,17,17,1449,16.1,2,3,2,0,0,2,0,0.12,0.19,0.31,0.12,0.31,3.0,3.0,2.0,4.9,0.18,0.12,0.31,0.18,0.31,Matches,bb5fbd2b
281,Emiliano Marcondes,dk DEN,MF,Bournemouth,27-301,1995,1,0,9,0.1,0,0,0,0,0,0,0,0.00,0.00,0.00,0.00,0.00,0.0,0.0,0.0,0.0,0.00,0.00,0.00,0.00,0.00,Matches,4d960fc3
282,Marquinhos,br BRA,MF,Arsenal,19-272,2003,1,0,1,0.0,0,0,0,0,0,0,0,0.00,0.00,0.00,0.00,0.00,0.0,0.0,0.0,0.0,0.00,0.00,0.00,0.00,0.00,Matches,59878425
283,Anthony Martial,fr FRA,FW,Manchester Utd,27-030,1995,8,5,413,4.6,3,2,2,1,1,0,0,0.65,0.44,1.09,0.44,0.87,3.2,2.4,0.9,3.3,0.69,0.20,0.89,0.52,0.72,Matches,8b788c01
284,Martinelli,br BRA,FW,Arsenal,21-200,2001,17,17,1448,16.1,7,2,7,0,0,1,0,0.44,0.12,0.56,0.44,0.56,3.9,3.9,3.8,7.7,0.24,0.23,0.48,0.24,0.48,Matches,48a5a5d6
285,Emiliano Martínez,ar ARG,GK,Aston Villa,30-124,1992,15,15,1294,14.4,0,0,0,0,0,2,0,0.00,0.00,0.00,0.00,0.00,0.0,0.0,0.3,0.3,0.00,0.02,0.02,0.00,0.02,Matches,7956236f
286,Lisandro Martínez,ar ARG,DF,Manchester Utd,24-351,1998,15,14,1207,13.4,0,0,0,0,0,3,0,0.00,0.00,0.00,0.00,0.00,0.1,0.1,0.0,0.1,0.01,0.00,0.01,0.01,0.01,Matches,bac46a10
287,Pape Matar Sarr,sn SEN,MF,Tottenham,20-112,2002,1,0,11,0.1,0,0,0,0,0,0,0,0.00,0.00,0.00,0.00,0.00,0.0,0.0,0.0,0.0,0.00,0.00,0.00,0.00,0.00,Matches,feb5d972
288,Jean-Philippe Mateta,fr FRA,FW,Crystal Palace,25-190,1997,12,2,300,3.3,1,0,1,0,0,2,0,0.30,0.00,0.30,0.30,0.30,1.3,1.3,0.6,1.9,0.40,0.19,0.58,0.40,0.58,Matches,50e6dc35
289,Joël Matip,cm CMR,DF,Liverpool,31-149,1991,7,5,484,5.4,0,0,0,0,0,0,0,0.00,0.00,0.00,0.00,0.00,0.0,0.0,0.0,0.0,0.00,0.00,0.00,0.00,0.00,Matches,b217ef29
290,Neal Maupay,fr FRA,FW,Everton,26-143,1996,13,7,683,7.6,1,0,1,0,0,2,0,0.13,0.00,0.13,0.13,0.13,2.1,2.1,0.5,2.5,0.27,0.06,0.33,0.27,0.33,Matches,4bcf39f6
291,Kevin Mbabu,ch SUI,DFFW,Fulham,27-260,1995,6,1,144,1.6,0,1,0,0,0,1,0,0.00,0.62,0.62,0.00,0.62,0.0,0.0,0.4,0.4,0.00,0.25,0.25,0.00,0.25,Matches,493924a7
292,Bryan Mbeumo,cm CMR,FW,Brentford,23-150,1999,18,18,1345,14.9,4,1,3,1,1,4,0,0.27,0.07,0.33,0.20,0.27,4.7,3.9,2.0,5.8,0.31,0.13,0.44,0.26,0.39,Matches,6afaebf2
293,John McGinn,sct SCO,MF,Aston Villa,28-078,1994,17,14,1223,13.6,0,1,0,0,0,4,0,0.00,0.07,0.07,0.00,0.07,1.2,1.2,1.3,2.5,0.09,0.10,0.19,0.09,0.19,Matches,90f91999
294,Scott McKenna,sct SCO,DF,Nott'ham Forest,26-053,1996,14,14,1260,14.0,0,0,0,0,0,4,0,0.00,0.00,0.00,0.00,0.00,0.1,0.1,0.8,0.9,0.01,0.06,0.06,0.01,0.06,Matches,4e5a4cbc
295,Dwight McNeil,eng ENG,FWDF,Everton,23-043,1999,17,10,846,9.4,2,1,2,0,0,2,0,0.21,0.11,0.32,0.21,0.32,0.7,0.7,1.3,2.0,0.07,0.14,0.21,0.07,0.21,Matches,fc15fb84
296,Scott McTominay,sct SCO,MF,Manchester Utd,26-027,1996,12,6,640,7.1,0,0,0,0,0,5,0,0.00,0.00,0.00,0.00,0.00,0.7,0.7,0.2,0.9,0.10,0.03,0.13,0.10,0.13,Matches,d93c2511
297,Ben Mee,eng ENG,DF,Brentford,33-105,1989,17,17,1478,16.4,2,0,2,0,0,1,0,0.12,0.00,0.12,0.12,0.12,1.2,1.2,0.2,1.4,0.07,0.01,0.08,0.07,0.08,Matches,8df7a2fb
298,Edouard Mendy,sn SEN,GK,Chelsea,30-309,1992,9,8,765,8.5,0,0,0,0,0,1,0,0.00,0.00,0.00,0.00,0.00,0.0,0.0,0.0,0.0,0.00,0.00,0.00,0.00,0.00,Matches,33887998
299,Nampalys Mendy,sn SEN,MF,Leicester City,30-195,1992,7,0,171,1.9,0,0,0,0,0,0,0,0.00,0.00,0.00,0.00,0.00,0.1,0.1,0.0,0.1,0.05,0.00,0.05,0.05,0.05,Matches,1598599e
300,Chris Mepham,wls WAL,DF,Bournemouth,25-060,1997,15,15,1341,14.9,0,0,0,0,0,5,0,0.00,0.00,0.00,0.00,0.00,0.3,0.3,0.1,0.4,0.02,0.01,0.03,0.02,0.03,Matches,fed96827
301,Illan Meslier,fr FRA,GK,Leeds United,22-308,2000,16,16,1440,16.0,0,0,0,0,0,1,0,0.00,0.00,0.00,0.00,0.00,0.0,0.0,0.0,0.0,0.00,0.00,0.00,0.00,0.00,Matches,6b625ac2
302,Alexander Mighten,eng ENG,FW,Nott'ham Forest,20-268,2002,1,0,8,0.1,0,0,0,0,0,0,0,0.00,0.00,0.00,0.00,0.00,0.0,0.0,0.0,0.0,0.00,0.00,0.00,0.00,0.00,Matches,10ec4169
303,Luka Milivojević,rs SRB,MF,Crystal Palace,31-272,1991,10,2,286,3.2,0,0,0,0,0,0,0,0.00,0.00,0.00,0.00,0.00,0.2,0.2,0.2,0.4,0.07,0.06,0.13,0.07,0.13,Matches,2ce2508a
304,James Milner,eng ENG,DFMF,Liverpool,37-000,1986,12,4,469,5.2,0,1,0,0,0,0,0,0.00,0.19,0.19,0.00,0.19,0.3,0.3,0.7,1.0,0.07,0.13,0.20,0.07,0.20,Matches,2f90f6b8
305,Yerry Mina,co COL,DF,Everton,28-103,1994,2,2,144,1.6,1,0,1,0,0,1,0,0.62,0.00,0.62,0.62,0.62,0.1,0.1,0.0,0.1,0.05,0.00,0.05,0.05,0.05,Matches,6d5701f2
306,Tyrone Mings,eng ENG,DF,Aston Villa,29-297,1993,15,15,1350,15.0,0,0,0,0,0,4,0,0.00,0.00,0.00,0.00,0.00,0.0,0.0,0.1,0.1,0.00,0.00,0.01,0.00,0.01,Matches,8397a50c
307,Tyrick Mitchell,eng ENG,DF,Crystal Palace,23-125,1999,15,13,1010,11.2,0,2,0,0,0,2,1,0.00,0.18,0.18,0.00,0.18,0.1,0.1,0.6,0.7,0.01,0.05,0.06,0.01,0.06,Matches,5cbd1eb0
308,Kaoru Mitoma,jp JPN,FWMF,Brighton,25-229,1997,12,5,571,6.3,3,1,3,0,0,0,0,0.47,0.16,0.63,0.47,0.63,1.6,1.6,2.2,3.8,0.25,0.35,0.60,0.25,0.60,Matches,74618572
309,Aleksandar Mitrović,rs SRB,FW,Fulham,28-110,1994,15,15,1281,14.2,11,1,8,3,5,5,0,0.77,0.07,0.84,0.56,0.63,10.1,6.2,2.0,8.2,0.71,0.14,0.85,0.43,0.57,Matches,3925dbd6
310,Kieffer Moore,wls WAL,FW,Bournemouth,30-149,1992,18,10,939,10.4,4,0,4,0,0,0,0,0.38,0.00,0.38,0.38,0.38,2.3,2.3,0.3,2.6,0.22,0.03,0.25,0.22,0.25,Matches,01ce9e70
311,Andrew Moran,ie IRL,FW,Brighton,19-081,2003,1,0,12,0.1,0,0,0,0,0,0,0,0.00,0.00,0.00,0.00,0.00,0.0,0.0,0.0,0.0,0.00,0.00,0.00,0.00,0.00,Matches,c4720845
312,Mason Mount,eng ENG,MFFW,Chelsea,23-359,1999,16,15,1192,13.2,3,2,3,0,0,2,0,0.23,0.15,0.38,0.23,0.38,1.8,1.8,1.9,3.7,0.13,0.14,0.28,0.13,0.28,Matches,9674002f
313,Lucas Moura,br BRA,MFDF,Tottenham,30-144,1992,8,0,98,1.1,0,0,0,0,0,0,0,0.00,0.00,0.00,0.00,0.00,0.1,0.1,0.0,0.1,0.08,0.04,0.12,0.08,0.12,Matches,2b622f01
314,João Moutinho,pt POR,MF,Wolves,36-118,1986,15,13,1145,12.7,0,1,0,0,0,2,0,0.00,0.08,0.08,0.00,0.08,0.9,0.9,1.9,2.8,0.07,0.15,0.22,0.07,0.22,Matches,f5a00fa4
315,Divin Mubama,eng ENG,FW,West Ham,18-071,2004,1,0,4,0.0,0,0,0,0,0,0,0,0.00,0.00,0.00,0.00,0.00,0.0,0.0,0.0,0.0,0.00,0.00,0.00,0.00,0.00,Matches,92868cb5
316,Jacob Murphy,eng ENG,FW,Newcastle Utd,27-314,1995,18,5,526,5.8,1,1,1,0,0,0,0,0.17,0.17,0.34,0.17,0.34,0.8,0.8,0.6,1.4,0.14,0.11,0.24,0.14,0.24,Matches,de112b84
317,Enock Mwepu,zm ZAM,FWMF,Brighton,25-003,1998,6,2,213,2.4,0,1,0,0,0,0,0,0.00,0.42,0.42,0.00,0.42,0.2,0.2,0.5,0.7,0.09,0.20,0.29,0.09,0.29,Matches,1d5cab82
318,Vitaliy Mykolenko,ua UKR,DFMF,Everton,23-220,1999,18,18,1553,17.3,0,0,0,0,0,2,0,0.00,0.00,0.00,0.00,0.00,0.4,0.4,0.6,1.0,0.02,0.03,0.06,0.02,0.06,Matches,30d4a2e5
319,Wilfred Ndidi,ng NGA,MFDF,Leicester City,26-019,1996,13,9,786,8.7,0,0,0,0,0,3,0,0.00,0.00,0.00,0.00,0.00,0.2,0.2,0.0,0.2,0.02,0.00,0.02,0.02,0.02,Matches,6b47c5db
320,Reiss Nelson,eng ENG,FW,Arsenal,23-025,1999,2,0,65,0.7,2,1,2,0,0,0,0,2.77,1.38,4.15,2.77,4.15,0.6,0.6,0.1,0.7,0.87,0.11,0.99,0.87,0.99,Matches,c5bdb6e3
321,Neto,br BRA,GK,Bournemouth,33-169,1989,8,8,675,7.5,0,0,0,0,0,2,0,0.00,0.00,0.00,0.00,0.00,0.0,0.0,0.0,0.0,0.00,0.00,0.00,0.00,0.00,Matches,a9dc785c
322,Pedro Neto,pt POR,FWMF,Wolves,22-301,2000,8,8,599,6.7,0,0,0,0,0,1,0,0.00,0.00,0.00,0.00,0.00,0.7,0.7,1.2,1.9,0.10,0.18,0.28,0.10,0.28,Matches,7ba2eaa9
323,Rúben Neves,pt POR,MF,Wolves,25-297,1997,16,16,1440,16.0,4,0,2,2,2,7,0,0.25,0.00,0.25,0.12,0.12,2.5,0.9,0.4,1.3,0.16,0.03,0.18,0.06,0.08,Matches,44bfb6c5
324,Moussa Niakhate,fr FRA,DF,Nott'ham Forest,26-302,1996,2,2,160,1.8,0,0,0,0,0,0,0,0.00,0.00,0.00,0.00,0.00,0.3,0.3,0.0,0.3,0.15,0.00,0.15,0.15,0.15,Matches,00242715
325,Rasmus Nissen,dk DEN,DF,Leeds United,25-177,1997,14,13,1133,12.6,0,1,0,0,0,4,0,0.00,0.08,0.08,0.00,0.08,0.4,0.4,0.8,1.2,0.03,0.06,0.09,0.03,0.09,Matches,39769cff
326,Eddie Nketiah,eng ENG,FW,Arsenal,23-219,1999,15,3,422,4.7,2,0,2,0,0,1,0,0.43,0.00,0.43,0.43,0.43,2.1,2.1,0.2,2.2,0.44,0.03,0.47,0.44,0.47,Matches,a53649b7
327,Matheus Nunes,pt POR,MF,Wolves,24-130,1998,14,12,979,10.9,0,1,0,0,0,1,0,0.00,0.09,0.09,0.00,0.09,1.1,1.1,1.3,2.5,0.10,0.12,0.23,0.10,0.23,Matches,e6af02e0
328,Darwin Núñez,uy URU,FW,Liverpool,23-194,1999,13,10,871,9.7,5,2,5,0,0,1,1,0.52,0.21,0.72,0.52,0.72,7.4,7.4,3.0,10.4,0.76,0.31,1.07,0.76,1.07,Matches,4d77b365
329,Ethan Nwaneri,eng ENG,FW,Arsenal,15-289,2007,1,0,1,0.0,0,0,0,0,0,0,0,0.00,0.00,0.00,0.00,0.00,0.0,0.0,0.0,0.0,0.00,0.00,0.00,0.00,0.00,Matches,7f94982c
330,Christian Nørgaard,dk DEN,MF,Brentford,28-300,1994,8,7,599,6.7,1,1,1,0,0,0,0,0.15,0.15,0.30,0.15,0.30,0.7,0.7,0.7,1.4,0.11,0.10,0.21,0.11,0.21,Matches,df0a4c90
331,Lewis O'Brien,eng ENG,MF,Nott'ham Forest,24-082,1998,12,6,563,6.3,1,0,1,0,0,2,0,0.16,0.00,0.16,0.16,0.16,0.3,0.3,0.2,0.5,0.06,0.03,0.09,0.06,0.09,Matches,089667a5
332,Angelo Ogbonna,it ITA,DF,West Ham,34-226,1988,3,1,117,1.3,0,0,0,0,0,0,0,0.00,0.00,0.00,0.00,0.00,0.1,0.1,0.2,0.3,0.10,0.14,0.24,0.10,0.24,Matches,74b2cd7e
333,Michael Olise,fr FRA,MFFW,Crystal Palace,21-023,2001,15,10,924,10.3,1,4,1,0,0,1,0,0.10,0.39,0.49,0.10,0.49,1.1,1.1,2.1,3.2,0.10,0.21,0.31,0.10,0.31,Matches,c4486bac
334,Robin Olsen,se SWE,GK,Aston Villa,32-361,1990,3,2,236,2.6,0,0,0,0,0,0,0,0.00,0.00,0.00,0.00,0.00,0.0,0.0,0.0,0.0,0.00,0.00,0.00,0.00,0.00,Matches,e7ee38c3
335,Amadou Onana,be BEL,MF,Everton,21-141,2001,16,14,1215,13.5,0,1,0,0,0,5,0,0.00,0.07,0.07,0.00,0.07,1.7,1.7,1.0,2.7,0.12,0.07,0.20,0.12,0.20,Matches,828657ff
336,Josh Onomah,eng ENG,MF,Fulham,25-252,1997,2,0,15,0.2,0,0,0,0,0,0,0,0.00,0.00,0.00,0.00,0.00,0.0,0.0,0.0,0.0,0.00,0.00,0.00,0.00,0.00,Matches,6612cd8c
337,Frank Onyeka,ng NGA,MF,Brentford,25-003,1998,12,4,442,4.9,0,1,0,0,0,0,0,0.00,0.20,0.20,0.00,0.20,0.4,0.4,0.5,0.9,0.07,0.11,0.18,0.07,0.18,Matches,2944f86f
338,Alex Oxlade-Chamberlain,eng ENG,FW,Liverpool,29-142,1993,6,3,241,2.7,1,0,1,0,0,0,0,0.37,0.00,0.37,0.37,0.37,0.5,0.5,0.9,1.3,0.18,0.32,0.50,0.18,0.50,Matches,38c7feef
339,João Palhinha,pt POR,MF,Fulham,27-179,1995,17,17,1505,16.7,3,0,3,0,0,6,0,0.18,0.00,0.18,0.18,0.18,1.4,1.4,0.0,1.4,0.08,0.00,0.08,0.08,0.08,Matches,a78ff07f
340,Cole Palmer,eng ENG,FWMF,Manchester City,20-243,2002,8,0,109,1.2,0,0,0,0,0,1,0,0.00,0.00,0.00,0.00,0.00,0.1,0.1,0.2,0.3,0.06,0.15,0.21,0.06,0.21,Matches,dc7f8a28
341,Emerson Palmieri,it ITA,DFMF,West Ham,28-154,1994,8,4,287,3.2,0,0,0,0,0,1,0,0.00,0.00,0.00,0.00,0.00,0.2,0.2,0.1,0.3,0.07,0.03,0.10,0.07,0.10,Matches,e0bc6fdc
342,Lucas Paquetá,br BRA,MFFW,West Ham,25-130,1997,10,9,758,8.4,0,2,0,0,0,2,0,0.00,0.24,0.24,0.00,0.24,1.4,1.4,0.8,2.2,0.17,0.09,0.26,0.17,0.26,Matches,9b6f7fd5
343,Thomas Partey,gh GHA,MF,Arsenal,29-205,1993,14,14,1211,13.5,2,0,2,0,0,2,0,0.15,0.00,0.15,0.15,0.15,1.3,1.3,0.7,2.0,0.10,0.05,0.15,0.10,0.15,Matches,529f49ab
344,Nathan Patterson,sct SCO,DFMF,Everton,21-080,2001,13,11,988,11.0,0,0,0,0,0,3,0,0.00,0.00,0.00,0.00,0.00,0.5,0.5,0.4,0.9,0.04,0.04,0.08,0.04,0.08,Matches,230f0471
345,Ben Pearson,eng ENG,MF,Bournemouth,28-000,1995,5,3,214,2.4,0,0,0,0,0,1,0,0.00,0.00,0.00,0.00,0.00,0.0,0.0,0.0,0.0,0.01,0.00,0.01,0.01,0.01,Matches,a6b461e7
346,Andreas Pereira,br BRA,MF,Fulham,27-003,1996,18,18,1471,16.3,2,4,1,1,1,3,0,0.12,0.24,0.37,0.06,0.31,3.2,2.4,3.2,5.6,0.20,0.19,0.39,0.15,0.34,Matches,6639e500
347,Ayoze Pérez,es ESP,MFFW,Leicester City,29-159,1993,8,3,382,4.2,0,1,0,0,0,0,0,0.00,0.24,0.24,0.00,0.24,1.0,1.0,1.5,2.5,0.24,0.35,0.59,0.24,0.59,Matches,819aa8e7
348,Ivan Perišić,hr CRO,DFMF,Tottenham,33-336,1989,17,11,1010,11.2,0,4,0,0,0,2,0,0.00,0.36,0.36,0.00,0.36,1.2,1.2,3.3,4.5,0.10,0.29,0.40,0.10,0.40,Matches,6fe90922
349,Romain Perraud,fr FRA,DF,Southampton,25-104,1997,15,11,918,10.2,2,2,2,0,0,1,0,0.20,0.20,0.39,0.20,0.39,0.9,0.9,1.5,2.4,0.09,0.14,0.23,0.09,0.23,Matches,6dfd8f05
350,Kalvin Phillips,eng ENG,MF,Manchester City,27-033,1995,1,0,2,0.0,0,0,0,0,0,0,0,0.00,0.00,0.00,0.00,0.00,0.0,0.0,0.0,0.0,0.00,0.00,0.00,0.00,0.00,Matches,4f565d77
351,Nathaniel Phillips,eng ENG,DF,Liverpool,25-289,1997,2,1,66,0.7,0,0,0,0,0,0,0,0.00,0.00,0.00,0.00,0.00,0.0,0.0,0.0,0.0,0.06,0.00,0.06,0.06,0.06,Matches,515ebe8d
352,Jordan Pickford,eng ENG,GK,Everton,28-303,1994,17,17,1530,17.0,0,1,0,0,0,3,0,0.00,0.06,0.06,0.00,0.06,0.0,0.0,0.1,0.1,0.00,0.01,0.01,0.00,0.01,Matches,4806ec67
353,Ethan Pinnock,jm JAM,DF,Brentford,29-220,1993,10,10,900,10.0,0,0,0,0,0,0,0,0.00,0.00,0.00,0.00,0.00,1.0,1.0,0.6,1.6,0.10,0.06,0.16,0.10,0.16,Matches,e541326e
354,Daniel Podence,pt POR,FWMF,Wolves,27-075,1995,17,14,1172,13.0,3,0,3,0,0,4,0,0.23,0.00,0.23,0.23,0.23,2.6,2.6,1.7,4.2,0.20,0.13,0.33,0.20,0.33,Matches,7fcc71d8
355,Nick Pope,eng ENG,GK,Newcastle Utd,30-260,1992,18,18,1620,18.0,0,0,0,0,0,2,0,0.00,0.00,0.00,0.00,0.00,0.0,0.0,0.0,0.0,0.00,0.00,0.00,0.00,0.00,Matches,4b40d9ca
356,Dennis Praet,be BEL,MF,Leicester City,28-235,1994,8,3,282,3.1,0,0,0,0,0,1,0,0.00,0.00,0.00,0.00,0.00,0.2,0.2,0.0,0.2,0.07,0.00,0.07,0.07,0.07,Matches,86695068
357,Isaac Price,nir NIR,MF,Everton,19-100,2003,1,0,33,0.4,0,0,0,0,0,1,0,0.00,0.00,0.00,0.00,0.00,0.0,0.0,0.1,0.1,0.00,0.27,0.27,0.00,0.27,Matches,b9403c99
358,Christian Pulisic,us USA,FWDF,Chelsea,24-108,1998,15,5,588,6.5,1,1,1,0,0,1,0,0.15,0.15,0.31,0.15,0.31,1.2,1.2,0.5,1.8,0.19,0.08,0.27,0.19,0.27,Matches,1bf33a9a
359,Aaron Ramsdale,eng ENG,GK,Arsenal,24-235,1998,17,17,1530,17.0,0,0,0,0,0,0,0,0.00,0.00,0.00,0.00,0.00,0.0,0.0,0.0,0.0,0.00,0.00,0.00,0.00,0.00,Matches,466fb2c5
360,Jacob Ramsey,eng ENG,MF,Aston Villa,21-221,2001,15,12,1021,11.3,2,2,2,0,0,4,0,0.18,0.18,0.35,0.18,0.35,1.1,1.1,1.2,2.3,0.10,0.11,0.21,0.10,0.21,Matches,1544f145
361,Marcus Rashford,eng ENG,FW,Manchester Utd,25-065,1997,17,15,1346,15.0,7,3,7,0,0,2,0,0.47,0.20,0.67,0.47,0.67,5.5,5.5,2.2,7.7,0.37,0.15,0.51,0.37,0.51,Matches,a1d5bd30
362,David Raya,es ESP,GK,Brentford,27-111,1995,18,18,1620,18.0,0,0,0,0,0,0,0,0.00,0.00,0.00,0.00,0.00,0.0,0.0,0.0,0.0,0.00,0.00,0.00,0.00,0.00,Matches,98ea5115
363,Tim Ream,us USA,DF,Fulham,35-091,1987,18,18,1617,18.0,1,0,1,0,0,1,0,0.06,0.00,0.06,0.06,0.06,0.3,0.3,0.0,0.3,0.01,0.00,0.01,0.01,0.01,Matches,28b40c9c
364,Nathan Redmond,eng ENG,DF,Southampton,28-304,1994,1,0,1,0.0,0,0,0,0,0,0,0,0.00,0.00,0.00,0.00,0.00,0.0,0.0,0.0,0.0,0.00,0.00,0.00,0.00,0.00,Matches,ab651565
365,Harrison Reed,eng ENG,MF,Fulham,27-342,1995,17,17,1416,15.7,2,1,2,0,0,5,0,0.13,0.06,0.19,0.13,0.19,1.0,1.0,1.8,2.8,0.06,0.11,0.18,0.06,0.18,Matches,803ae100
366,Bobby Reid,jm JAM,FWDF,Fulham,29-336,1993,17,17,1417,15.7,4,1,4,0,0,6,0,0.25,0.06,0.32,0.25,0.32,3.1,3.1,1.2,4.3,0.19,0.08,0.27,0.19,0.27,Matches,0f7533cd
367,Declan Rice,eng ENG,MF,West Ham,23-355,1999,17,17,1530,17.0,1,1,1,0,1,2,0,0.06,0.06,0.12,0.06,0.12,1.4,0.6,1.9,2.5,0.08,0.11,0.19,0.04,0.15,Matches,1c7012b8
368,Chris Richards,us USA,DFMF,Crystal Palace,22-282,2000,4,0,78,0.9,0,0,0,0,0,0,0,0.00,0.00,0.00,0.00,0.00,0.1,0.1,0.3,0.3,0.08,0.30,0.38,0.08,0.38,Matches,0a3d6d2b
369,Richarlison,br BRA,MFFW,Tottenham,25-239,1997,10,5,439,4.9,0,2,0,0,0,2,0,0.00,0.41,0.41,0.00,0.41,1.6,1.6,1.3,3.0,0.34,0.28,0.61,0.34,0.61,Matches,fa031b34
370,Jaïro Riedewald,nl NED,DFFW,Crystal Palace,26-117,1996,4,0,49,0.5,0,0,0,0,0,0,0,0.00,0.00,0.00,0.00,0.00,0.0,0.0,0.0,0.0,0.00,0.00,0.00,0.00,0.00,Matches,7a1f2c08
371,Matt Ritchie,sct SCO,FW,Newcastle Utd,33-116,1989,2,0,4,0.0,0,0,0,0,0,0,0,0.00,0.00,0.00,0.00,0.00,0.0,0.0,0.0,0.0,0.00,0.00,0.00,0.00,0.00,Matches,71ef519e
372,Andrew Robertson,sct SCO,DF,Liverpool,28-299,1994,15,12,1057,11.7,0,5,0,0,0,0,0,0.00,0.43,0.43,0.00,0.43,0.4,0.4,3.3,3.7,0.03,0.28,0.31,0.03,0.31,Matches,2e4f5f03
373,Antonee Robinson,us USA,DF,Fulham,25-149,1997,16,16,1378,15.3,0,0,0,0,0,4,0,0.00,0.00,0.00,0.00,0.00,0.0,0.0,0.5,0.5,0.00,0.03,0.03,0.00,0.03,Matches,289601e6
374,Marc Roca,es ESP,MF,Leeds United,26-039,1996,16,15,1166,13.0,1,1,1,0,0,4,0,0.08,0.08,0.15,0.08,0.15,0.9,0.9,0.5,1.3,0.07,0.04,0.10,0.07,0.10,Matches,da27e268
375,Marek Rodák,sk SVK,GK,Fulham,26-022,1996,2,2,180,2.0,0,0,0,0,0,0,0,0.00,0.00,0.00,0.00,0.00,0.0,0.0,0.0,0.0,0.00,0.00,0.00,0.00,0.00,Matches,17acc2ed
376,Rodri,es ESP,MF,Manchester City,26-196,1996,15,15,1302,14.5,1,3,1,0,0,2,0,0.07,0.21,0.28,0.07,0.28,2.3,2.3,2.1,4.3,0.16,0.14,0.30,0.16,0.30,Matches,6434f10d
377,Rodrigo,es ESP,FWMF,Leeds United,31-304,1991,15,14,1038,11.5,9,1,8,1,1,1,0,0.78,0.09,0.87,0.69,0.78,5.6,4.8,1.3,6.1,0.48,0.11,0.60,0.42,0.53,Matches,1fb1c435
378,Mads Roerslev,dk DEN,DF,Brentford,23-194,1999,10,8,703,7.8,0,0,0,0,0,0,0,0.00,0.00,0.00,0.00,0.00,0.1,0.1,0.9,1.0,0.01,0.12,0.13,0.01,0.13,Matches,57c94db2
379,Cristian Romero,ar ARG,DF,Tottenham,24-252,1998,9,8,748,8.3,0,0,0,0,0,2,0,0.00,0.00,0.00,0.00,0.00,0.6,0.6,0.3,0.9,0.08,0.03,0.11,0.08,0.11,Matches,a3d94a58
380,Oriol Romeu,es ESP,MF,Southampton,31-102,1991,1,1,74,0.8,0,0,0,0,0,0,0,0.00,0.00,0.00,0.00,0.00,0.0,0.0,0.0,0.0,0.00,0.00,0.00,0.00,0.00,Matches,4b511457
381,Cristiano Ronaldo,pt POR,FW,Manchester Utd,37-333,1985,10,4,525,5.8,1,0,1,0,0,2,0,0.17,0.00,0.17,0.17,0.17,1.9,1.9,0.4,2.3,0.32,0.07,0.40,0.32,0.40,Matches,dea698d9
382,Connor Ronan,ie IRL,MF,Wolves,24-304,1998,1,0,1,0.0,0,0,0,0,0,0,0,0.00,0.00,0.00,0.00,0.00,0.0,0.0,0.0,0.0,0.00,0.00,0.00,0.00,0.00,Matches,1b804500
383,Salomón Rondón,ve VEN,FW,Everton,33-110,1989,7,1,109,1.2,0,0,0,0,0,0,0,0.00,0.00,0.00,0.00,0.00,0.8,0.8,0.2,1.0,0.66,0.13,0.79,0.66,0.79,Matches,b318a643
384,Joe Rothwell,eng ENG,DFMF,Bournemouth,27-358,1995,4,0,45,0.5,0,0,0,0,0,0,0,0.00,0.00,0.00,0.00,0.00,0.0,0.0,0.0,0.0,0.00,0.00,0.00,0.00,0.00,Matches,10a10454
385,José Sá,pt POR,GK,Wolves,29-352,1993,17,17,1530,17.0,0,0,0,0,0,0,0,0.00,0.00,0.00,0.00,0.00,0.0,0.0,0.0,0.0,0.00,0.00,0.00,0.00,0.00,Matches,903b6e8b
386,Allan Saint-Maximin,fr FRA,FW,Newcastle Utd,25-298,1997,10,4,417,4.6,1,3,1,0,0,1,0,0.22,0.65,0.86,0.22,0.86,0.8,0.8,1.2,2.1,0.18,0.27,0.44,0.18,0.44,Matches,2b16cb1a
387,Bukayo Saka,eng ENG,FW,Arsenal,21-121,2001,17,17,1441,16.0,6,6,5,1,1,4,0,0.37,0.37,0.75,0.31,0.69,5.6,5.0,3.8,8.8,0.35,0.24,0.59,0.31,0.55,Matches,bc7dc64d
388,Mohamed Salah,eg EGY,FW,Liverpool,30-203,1992,17,17,1506,16.7,7,4,7,0,0,0,0,0.42,0.24,0.66,0.42,0.66,8.9,8.9,3.5,12.5,0.53,0.21,0.74,0.53,0.74,Matches,e342ad68
389,William Saliba,fr FRA,DF,Arsenal,21-286,2001,17,17,1515,16.8,2,1,2,0,0,4,0,0.12,0.06,0.18,0.12,0.18,0.9,0.9,0.9,1.8,0.05,0.05,0.10,0.05,0.10,Matches,972aeb2a
390,Mohammed Salisu,gh GHA,DF,Southampton,23-262,1999,16,16,1439,16.0,0,1,0,0,0,4,0,0.00,0.06,0.06,0.00,0.06,0.9,0.9,0.5,1.4,0.06,0.03,0.09,0.06,0.09,Matches,0b33f6ad
391,Albert Sambi Lokonga,be BEL,MF,Arsenal,23-074,1999,6,2,198,2.2,0,0,0,0,0,0,0,0.00,0.00,0.00,0.00,0.00,0.0,0.0,0.0,0.0,0.00,0.01,0.01,0.00,0.01,Matches,1b4f1169
392,Davinson Sánchez,co COL,DF,Tottenham,26-206,1996,11,6,555,6.2,0,0,0,0,0,1,0,0.00,0.00,0.00,0.00,0.00,0.3,0.3,0.1,0.4,0.05,0.01,0.07,0.05,0.07,Matches,da7b447d
393,Robert Sánchez,es ESP,GK,Brighton,25-047,1997,17,17,1530,17.0,0,0,0,0,0,1,0,0.00,0.00,0.00,0.00,0.00,0.0,0.0,0.0,0.0,0.00,0.00,0.00,0.00,0.00,Matches,6a713852
394,Jadon Sancho,eng ENG,FW,Manchester Utd,22-285,2000,10,10,714,7.9,2,1,2,0,0,0,0,0.25,0.13,0.38,0.25,0.38,1.6,1.6,0.8,2.5,0.21,0.10,0.31,0.21,0.31,Matches,dbf053da
395,Morgan Sanson,fr FRA,MF,Aston Villa,28-139,1994,1,0,1,0.0,0,0,0,0,0,0,0,0.00,0.00,0.00,0.00,0.00,0.0,0.0,0.0,0.0,0.00,0.00,0.00,0.00,0.00,Matches,6e7f1353
396,Jeremy Sarmiento,ec ECU,MF,Brighton,20-202,2002,5,1,123,1.4,0,0,0,0,0,1,0,0.00,0.00,0.00,0.00,0.00,0.2,0.2,0.0,0.2,0.12,0.00,0.12,0.12,0.12,Matches,ac0d576d
397,Gianluca Scamacca,it ITA,FW,West Ham,24-003,1999,14,10,845,9.4,2,0,2,0,0,3,0,0.21,0.00,0.21,0.21,0.21,2.3,2.3,0.6,2.9,0.24,0.07,0.31,0.24,0.31,Matches,8790f988
398,Fabian Schär,ch SUI,DF,Newcastle Utd,31-015,1991,17,17,1513,16.8,1,0,1,0,0,4,0,0.06,0.00,0.06,0.06,0.06,1.7,1.7,0.9,2.6,0.10,0.05,0.15,0.10,0.15,Matches,c8aa95da
399,Jeffrey Schlupp,gh GHA,MF,Crystal Palace,30-012,1992,16,14,1266,14.1,0,0,0,0,0,3,0,0.00,0.00,0.00,0.00,0.00,1.0,1.0,0.5,1.5,0.07,0.03,0.10,0.07,0.10,Matches,3312f911
400,Nélson Semedo,pt POR,DF,Wolves,29-049,1993,15,10,829,9.2,0,1,0,0,0,4,1,0.00,0.11,0.11,0.00,0.11,0.0,0.0,0.2,0.3,0.01,0.03,0.03,0.01,0.03,Matches,d04b94db
401,Marcos Senesi,ar ARG,DF,Bournemouth,25-239,1997,15,14,1209,13.4,0,0,0,0,0,2,0,0.00,0.00,0.00,0.00,0.00,0.1,0.1,0.2,0.3,0.01,0.01,0.02,0.01,0.02,Matches,35141f4c
402,Ryan Sessegnon,eng ENG,DF,Tottenham,22-231,2000,13,8,690,7.7,2,0,2,0,0,3,0,0.26,0.00,0.26,0.26,0.26,1.4,1.4,0.7,2.1,0.18,0.09,0.27,0.18,0.27,Matches,6aa3e78b
403,Luke Shaw,eng ENG,DF,Manchester Utd,27-176,1995,13,12,1053,11.7,1,1,1,0,0,3,0,0.09,0.09,0.17,0.09,0.17,0.5,0.5,1.5,2.0,0.04,0.13,0.17,0.04,0.17,Matches,9c94165b
404,Jonjo Shelvey,eng ENG,MF,Newcastle Utd,30-311,1992,3,0,37,0.4,0,0,0,0,0,0,0,0.00,0.00,0.00,0.00,0.00,0.0,0.0,0.0,0.0,0.00,0.00,0.00,0.00,0.00,Matches,3727dd3c
405,Bernardo Silva,pt POR,MFFW,Manchester City,28-147,1994,15,13,1154,12.8,2,5,2,0,0,2,0,0.16,0.39,0.55,0.16,0.55,1.3,1.3,2.0,3.3,0.10,0.16,0.26,0.10,0.26,Matches,3eb22ec9
406,Thiago Silva,br BRA,DF,Chelsea,38-104,1984,14,13,1254,13.9,0,2,0,0,0,1,0,0.00,0.14,0.14,0.00,0.14,0.5,0.5,0.4,0.8,0.03,0.03,0.06,0.03,0.06,Matches,86e7deaf
407,Ellis Simms,eng ENG,FW,Everton,21-364,2001,1,0,8,0.1,0,0,0,0,0,0,0,0.00,0.00,0.00,0.00,0.00,0.0,0.0,0.0,0.0,0.00,0.00,0.00,0.00,0.00,Matches,26d3b5be
408,Luis Sinisterra,co COL,FW,Leeds United,23-201,1999,9,6,453,5.0,2,0,2,0,0,3,1,0.40,0.00,0.40,0.40,0.40,1.5,1.5,0.2,1.7,0.29,0.04,0.34,0.29,0.34,Matches,8e16dd48
409,Oliver Skipp,eng ENG,MF,Tottenham,22-110,2000,7,2,133,1.5,0,0,0,0,0,1,0,0.00,0.00,0.00,0.00,0.00,0.1,0.1,0.2,0.3,0.04,0.17,0.20,0.04,0.20,Matches,6250083a
410,Adam Smith,eng ENG,DF,Bournemouth,31-250,1991,18,18,1547,17.2,0,1,0,0,0,5,0,0.00,0.06,0.06,0.00,0.06,0.4,0.4,0.6,1.0,0.02,0.03,0.06,0.02,0.06,Matches,20b104bc
411,Emile Smith Rowe,eng ENG,MFFW,Arsenal,22-160,2000,4,0,51,0.6,0,0,0,0,0,0,0,0.00,0.00,0.00,0.00,0.00,0.1,0.1,0.3,0.4,0.16,0.50,0.66,0.16,0.66,Matches,17695062
412,Cédric Soares,pt POR,DF,Arsenal,31-126,1991,2,0,29,0.3,0,0,0,0,0,0,0,0.00,0.00,0.00,0.00,0.00,0.0,0.0,0.0,0.0,0.00,0.00,0.00,0.00,0.00,Matches,839c14e1
413,Dominic Solanke,eng ENG,FWMF,Bournemouth,25-112,1997,16,15,1341,14.9,3,3,3,0,0,1,0,0.20,0.20,0.40,0.20,0.40,2.9,2.9,1.2,4.1,0.20,0.08,0.28,0.20,0.28,Matches,e77dc3b2
414,Manor Solomon,il ISR,FW,Fulham,23-164,1999,1,0,25,0.3,0,0,0,0,0,0,0,0.00,0.00,0.00,0.00,0.00,0.0,0.0,0.0,0.0,0.00,0.00,0.00,0.00,0.00,Matches,886f9aac
415,Tomáš Souček,cz CZE,MF,West Ham,27-311,1995,17,16,1393,15.5,1,1,1,0,0,1,0,0.06,0.06,0.13,0.06,0.13,2.5,2.5,0.7,3.2,0.16,0.05,0.21,0.16,0.21,Matches,6613c819
416,Boubakary Soumaré,fr FRA,MF,Leicester City,23-311,1999,14,12,836,9.3,0,0,0,0,0,4,0,0.00,0.00,0.00,0.00,0.00,0.0,0.0,0.1,0.1,0.00,0.01,0.01,0.00,0.01,Matches,ae59b359
417,Çağlar Söyüncü,tr TUR,DF,Leicester City,26-226,1996,1,1,71,0.8,0,0,0,0,0,0,0,0.00,0.00,0.00,0.00,0.00,0.0,0.0,0.0,0.0,0.00,0.00,0.00,0.00,0.00,Matches,21166ff4
418,Djed Spence,eng ENG,FWDF,Tottenham,22-148,2000,4,0,7,0.1,0,0,0,0,0,0,0,0.00,0.00,0.00,0.00,0.00,0.1,0.1,0.0,0.1,0.83,0.00,0.83,0.83,0.83,Matches,9bc9a519
419,Jack Stacey,eng ENG,DF,Bournemouth,26-273,1996,8,2,207,2.3,0,0,0,0,0,2,0,0.00,0.00,0.00,0.00,0.00,0.1,0.1,0.0,0.1,0.04,0.00,0.04,0.04,0.04,Matches,558807c0
420,Junior Stanislas,eng ENG,MF,Bournemouth,33-039,1989,4,0,61,0.7,0,0,0,0,0,0,0,0.00,0.00,0.00,0.00,0.00,0.0,0.0,0.1,0.2,0.05,0.19,0.25,0.05,0.25,Matches,6992791d
421,Jay Stansfield,eng ENG,FW,Fulham,20-041,2002,3,1,87,1.0,0,0,0,0,0,0,0,0.00,0.00,0.00,0.00,0.00,0.3,0.3,0.1,0.3,0.26,0.09,0.35,0.26,0.35,Matches,b2626673
422,Jack Stephens,eng ENG,DF,Southampton,28-342,1994,2,0,46,0.5,0,0,0,0,0,0,0,0.00,0.00,0.00,0.00,0.00,0.0,0.0,0.0,0.0,0.00,0.00,0.00,0.00,0.00,Matches,6adbc307
423,Jack Stephens,eng ENG,DF,Bournemouth,28-342,1994,3,1,93,1.0,0,0,0,0,0,0,0,0.00,0.00,0.00,0.00,0.00,0.0,0.0,0.1,0.1,0.00,0.13,0.13,0.00,0.13,Matches,6adbc307
424,Raheem Sterling,eng ENG,FWMF,Chelsea,28-027,1994,14,13,1108,12.3,4,2,4,0,0,3,0,0.32,0.16,0.49,0.32,0.49,3.4,3.4,2.9,6.3,0.27,0.24,0.51,0.27,0.51,Matches,b400bde0
425,John Stones,eng ENG,DF,Manchester City,28-221,1994,11,10,911,10.1,0,2,0,0,0,1,0,0.00,0.20,0.20,0.00,0.20,0.6,0.6,1.3,1.9,0.06,0.13,0.18,0.06,0.18,Matches,5eecec3d
426,Pascal Struijk,nl NED,DF,Leeds United,23-146,1999,15,15,1344,14.9,2,1,2,0,0,3,0,0.13,0.07,0.20,0.13,0.20,1.0,1.0,2.3,3.3,0.07,0.16,0.22,0.07,0.22,Matches,f4d296e4
427,Crysencio Summerville,nl NED,FWMF,Leeds United,21-066,2001,11,4,494,5.5,4,0,4,0,0,1,0,0.73,0.00,0.73,0.73,0.73,1.5,1.5,0.3,1.8,0.28,0.05,0.32,0.28,0.32,Matches,df04eb4b
428,Sam Surridge,eng ENG,FW,Nott'ham Forest,24-160,1998,10,1,174,1.9,0,0,0,0,0,1,0,0.00,0.00,0.00,0.00,0.00,0.4,0.4,0.1,0.4,0.20,0.03,0.23,0.20,0.23,Matches,b017b770
429,Japhet Tanganga,eng ENG,DF,Tottenham,23-279,1999,1,1,66,0.7,0,0,0,0,0,0,0,0.00,0.00,0.00,0.00,0.00,0.0,0.0,0.0,0.0,0.00,0.00,0.00,0.00,0.00,Matches,e9971f2d
430,Matt Targett,eng ENG,DF,Newcastle Utd,27-108,1995,10,4,426,4.7,0,0,0,0,0,0,0,0.00,0.00,0.00,0.00,0.00,0.0,0.0,0.3,0.3,0.00,0.07,0.07,0.00,0.07,Matches,e514ab62
431,James Tarkowski,eng ENG,DF,Everton,30-046,1992,18,18,1620,18.0,0,0,0,0,0,3,0,0.00,0.00,0.00,0.00,0.00,0.9,0.9,1.1,2.0,0.05,0.06,0.11,0.05,0.11,Matches,15ea812b
432,Marcus Tavernier,eng ENG,MFFW,Bournemouth,23-288,1999,15,15,1283,14.3,2,4,2,0,0,1,0,0.14,0.28,0.42,0.14,0.42,1.7,1.7,2.2,3.8,0.12,0.15,0.27,0.12,0.27,Matches,5c0da4a4
433,Kenny Tete,nl NED,DF,Fulham,27-087,1995,12,11,978,10.9,0,4,0,0,0,6,0,0.00,0.37,0.37,0.00,0.37,0.2,0.2,0.8,1.0,0.02,0.07,0.09,0.02,0.09,Matches,77d7c96f
434,Luke Thomas,eng ENG,DF,Leicester City,21-208,2001,7,6,524,5.8,0,0,0,0,0,1,0,0.00,0.00,0.00,0.00,0.00,0.0,0.0,0.7,0.7,0.00,0.13,0.13,0.00,0.13,Matches,fc027d02
435,Youri Tielemans,be BEL,MF,Leicester City,25-242,1997,18,16,1377,15.3,3,1,2,1,2,1,0,0.20,0.07,0.26,0.13,0.20,2.1,0.5,2.8,3.4,0.14,0.19,0.32,0.04,0.22,Matches,56f7a928
436,Kieran Tierney,sct SCO,DF,Arsenal,25-213,1997,14,4,457,5.1,0,0,0,0,0,0,0,0.00,0.00,0.00,0.00,0.00,0.3,0.3,0.2,0.4,0.05,0.03,0.08,0.05,0.08,Matches,fce2302c
437,Harry Toffolo,eng ENG,DF,Nott'ham Forest,27-138,1995,9,6,606,6.7,0,0,0,0,0,0,0,0.00,0.00,0.00,0.00,0.00,0.2,0.2,0.7,0.9,0.02,0.10,0.13,0.02,0.13,Matches,a105d46a
438,Takehiro Tomiyasu,jp JPN,DF,Arsenal,24-060,1998,13,4,456,5.1,0,0,0,0,0,1,0,0.00,0.00,0.00,0.00,0.00,0.1,0.1,0.1,0.2,0.02,0.02,0.03,0.02,0.03,Matches,b3af9be1
439,James Tomkins,eng ENG,DF,Crystal Palace,33-281,1989,2,1,104,1.2,0,0,0,0,0,2,1,0.00,0.00,0.00,0.00,0.00,0.0,0.0,0.0,0.0,0.00,0.00,0.00,0.00,0.00,Matches,e7ca0439
440,Ivan Toney,eng ENG,FW,Brentford,26-294,1996,16,16,1439,16.0,12,3,9,3,3,6,0,0.75,0.19,0.94,0.56,0.75,9.6,7.2,2.5,9.7,0.60,0.15,0.75,0.45,0.60,Matches,e09f279b
441,Adama Traoré,es ESP,FWMF,Wolves,26-344,1996,14,6,698,7.8,1,0,1,0,0,0,0,0.13,0.00,0.13,0.13,0.13,0.6,0.6,1.0,1.6,0.08,0.13,0.21,0.08,0.21,Matches,9a28eba4
442,Boubacar Traoré,ml MLI,MF,Wolves,21-137,2001,8,4,384,4.3,0,1,0,0,0,2,0,0.00,0.23,0.23,0.00,0.23,0.1,0.1,0.2,0.2,0.02,0.04,0.06,0.02,0.06,Matches,999ceb5f
443,Mark Travers,ie IRL,GK,Bournemouth,23-231,1999,11,10,945,10.5,0,0,0,0,0,0,0,0.00,0.00,0.00,0.00,0.00,0.0,0.0,0.0,0.0,0.00,0.00,0.00,0.00,0.00,Matches,fe558029
444,Kieran Trippier,eng ENG,DF,Newcastle Utd,32-107,1990,18,18,1594,17.7,1,4,1,0,0,4,0,0.06,0.23,0.28,0.06,0.28,0.5,0.5,5.2,5.6,0.03,0.29,0.32,0.03,0.32,Matches,21512407
445,Leandro Trossard,be BEL,FWMF,Brighton,28-031,1994,16,16,1315,14.6,7,2,7,0,0,1,0,0.48,0.14,0.62,0.48,0.62,4.4,4.4,2.1,6.5,0.30,0.14,0.45,0.30,0.45,Matches,38ceb24a
446,Kostas Tsimikas,gr GRE,DF,Liverpool,26-237,1996,12,5,441,4.9,0,3,0,0,0,1,0,0.00,0.61,0.61,0.00,0.61,0.6,0.6,0.8,1.5,0.13,0.17,0.30,0.13,0.30,Matches,f315ca93
447,Deniz Undav,de GER,FWMF,Brighton,26-169,1996,8,0,101,1.1,0,0,0,0,0,0,0,0.00,0.00,0.00,0.00,0.00,0.6,0.6,0.2,0.7,0.51,0.15,0.66,0.51,0.66,Matches,dd549382
448,Yan Valery,tn TUN,DF,Southampton,23-316,1999,1,1,45,0.5,0,0,0,0,0,0,0,0.00,0.00,0.00,0.00,0.00,0.0,0.0,0.0,0.0,0.00,0.00,0.00,0.00,0.00,Matches,531a4aa8
449,Virgil van Dijk,nl NED,DF,Liverpool,31-180,1991,17,17,1485,16.5,2,0,2,0,0,1,0,0.12,0.00,0.12,0.12,0.12,1.1,1.1,0.2,1.2,0.06,0.01,0.07,0.06,0.07,Matches,e06683ca
450,Raphaël Varane,fr FRA,DF,Manchester Utd,29-254,1993,12,10,850,9.4,0,0,0,0,0,1,0,0.00,0.00,0.00,0.00,0.00,0.0,0.0,0.1,0.1,0.00,0.01,0.02,0.00,0.02,Matches,9f8e9423
451,Jamie Vardy,eng ENG,FW,Leicester City,35-358,1987,18,9,962,10.7,1,4,1,0,0,1,0,0.09,0.37,0.47,0.09,0.47,2.4,2.4,0.6,3.0,0.22,0.05,0.28,0.22,0.28,Matches,45963054
452,Joël Veltman,nl NED,DF,Brighton,30-354,1992,15,13,1107,12.3,0,1,0,0,0,1,0,0.00,0.08,0.08,0.00,0.08,0.5,0.5,0.2,0.8,0.04,0.02,0.06,0.04,0.06,Matches,dad4b285
453,Fabio Vieira,pt POR,MFFW,Arsenal,22-219,2000,9,1,249,2.8,1,1,1,0,0,0,0,0.36,0.36,0.72,0.36,0.72,0.3,0.3,1.1,1.5,0.12,0.41,0.53,0.12,0.53,Matches,6412cc03
454,Rúben Vinagre,pt POR,DFMF,Everton,23-270,1999,2,0,26,0.3,0,0,0,0,0,0,0,0.00,0.00,0.00,0.00,0.00,0.0,0.0,0.0,0.0,0.00,0.00,0.00,0.00,0.00,Matches,b937e490
455,Carlos Vinícius,br BRA,FW,Fulham,27-285,1995,10,3,333,3.7,0,0,0,0,0,1,0,0.00,0.00,0.00,0.00,0.00,0.3,0.3,0.4,0.7,0.09,0.11,0.20,0.09,0.20,Matches,8b529245
456,Theo Walcott,eng ENG,FWMF,Southampton,33-294,1989,3,1,113,1.3,0,0,0,0,0,1,0,0.00,0.00,0.00,0.00,0.00,0.0,0.0,0.0,0.0,0.00,0.00,0.00,0.00,0.00,Matches,1ecb65be
457,Kyle Walker,eng ENG,DF,Manchester City,32-221,1990,7,7,560,6.2,0,0,0,0,0,0,0,0.00,0.00,0.00,0.00,0.00,0.3,0.3,0.1,0.4,0.05,0.02,0.07,0.05,0.07,Matches,86dd77d1
458,Kyle Walker-Peters,eng ENG,DF,Southampton,25-266,1997,13,13,1132,12.6,1,0,1,0,0,2,0,0.08,0.00,0.08,0.08,0.08,0.7,0.7,0.8,1.5,0.05,0.06,0.12,0.05,0.12,Matches,984a5a64
459,Aaron Wan-Bissaka,eng ENG,DF,Manchester Utd,25-039,1997,4,3,253,2.8,0,0,0,0,0,0,0,0.00,0.00,0.00,0.00,0.00,0.0,0.0,0.5,0.5,0.00,0.17,0.17,0.00,0.17,Matches,9e525177
460,Danny Ward,wls WAL,GK,Leicester City,29-196,1993,18,18,1620,18.0,0,0,0,0,0,0,0,0.00,0.00,0.00,0.00,0.00,0.0,0.0,0.0,0.0,0.00,0.00,0.00,0.00,0.00,Matches,d3ce0e89
461,Joel Ward,eng ENG,DF,Crystal Palace,33-067,1989,14,12,1135,12.6,0,0,0,0,0,4,0,0.00,0.00,0.00,0.00,0.00,0.0,0.0,0.1,0.1,0.00,0.00,0.00,0.00,0.00,Matches,8a7ff278
462,James Ward-Prowse,eng ENG,MF,Southampton,28-064,1994,17,17,1530,17.0,3,2,3,0,1,2,0,0.18,0.12,0.29,0.18,0.29,1.8,0.8,3.0,3.8,0.10,0.18,0.28,0.05,0.22,Matches,3515d404
463,Ollie Watkins,eng ENG,FW,Aston Villa,27-005,1995,16,15,1352,15.0,3,4,3,0,0,1,0,0.20,0.27,0.47,0.20,0.47,5.4,5.4,2.1,7.5,0.36,0.14,0.50,0.36,0.50,Matches,aed3a70f
464,Adam Webster,eng ENG,DF,Brighton,28-000,1995,13,13,1170,13.0,0,0,0,0,0,1,0,0.00,0.00,0.00,0.00,0.00,1.2,1.2,0.0,1.3,0.09,0.00,0.10,0.09,0.10,Matches,c40b6180
465,Danny Welbeck,eng ENG,FW,Brighton,32-039,1990,13,11,996,11.1,0,2,0,0,0,0,0,0.00,0.18,0.18,0.00,0.18,3.0,3.0,1.8,4.8,0.27,0.16,0.44,0.27,0.44,Matches,ce5143da
466,Ben White,eng ENG,DF,Arsenal,25-088,1997,17,17,1374,15.3,0,2,0,0,0,3,0,0.00,0.13,0.13,0.00,0.13,0.3,0.3,1.1,1.4,0.02,0.07,0.09,0.02,0.09,Matches,35e413f1
467,Neco Williams,wls WAL,DF,Nott'ham Forest,21-266,2001,17,12,1098,12.2,0,0,0,0,0,3,0,0.00,0.00,0.00,0.00,0.00,0.9,0.9,1.3,2.3,0.08,0.11,0.19,0.08,0.19,Matches,dd323728
468,Willian,br BRA,FW,Fulham,34-148,1988,11,9,816,9.1,1,2,1,0,0,0,0,0.11,0.22,0.33,0.11,0.33,2.1,2.1,1.8,3.9,0.23,0.20,0.43,0.23,0.43,Matches,8b9ebd03
469,Joe Willock,eng ENG,MF,Newcastle Utd,23-137,1999,18,16,1346,15.0,2,2,2,0,0,0,0,0.13,0.13,0.27,0.13,0.27,3.0,3.0,3.3,6.3,0.20,0.22,0.42,0.20,0.42,Matches,a3b03921
470,Callum Wilson,eng ENG,FW,Newcastle Utd,30-311,1992,13,11,881,9.8,6,2,5,1,1,3,0,0.61,0.20,0.82,0.51,0.72,6.4,5.6,0.6,6.2,0.65,0.07,0.72,0.57,0.64,Matches,c596fcb0
471,Harry Wilson,wls WAL,FW,Fulham,25-288,1997,9,3,303,3.4,0,0,0,0,0,0,0,0.00,0.00,0.00,0.00,0.00,1.1,1.1,0.1,1.2,0.33,0.04,0.36,0.33,0.36,Matches,c6dc9ecd
472,Yoane Wissa,cd COD,FW,Brentford,26-123,1996,18,7,757,8.4,4,1,4,0,0,1,0,0.48,0.12,0.59,0.48,0.59,3.0,3.0,1.4,4.4,0.36,0.16,0.52,0.36,0.52,Matches,2500cef9
473,Chris Wood,nz NZL,FW,Newcastle Utd,31-028,1991,17,4,445,4.9,2,0,1,1,1,0,0,0.40,0.00,0.40,0.20,0.20,1.8,1.0,0.3,1.3,0.37,0.06,0.43,0.21,0.27,Matches,4e9a0555
474,Joe Worrall,eng ENG,DF,Nott'ham Forest,25-359,1997,13,9,897,10.0,0,0,0,0,0,4,0,0.00,0.00,0.00,0.00,0.00,0.2,0.2,0.5,0.6,0.02,0.05,0.06,0.02,0.06,Matches,a5212312
475,Granit Xhaka,ch SUI,MF,Arsenal,30-099,1992,17,17,1436,16.0,3,4,3,0,0,3,0,0.19,0.25,0.44,0.19,0.44,1.9,1.9,2.3,4.2,0.12,0.15,0.26,0.12,0.26,Matches,e61b8aee
476,Ryan Yates,eng ENG,MF,Nott'ham Forest,25-044,1997,15,13,1213,13.5,0,1,0,0,0,4,0,0.00,0.07,0.07,0.00,0.07,1.7,1.7,0.6,2.3,0.13,0.05,0.17,0.13,0.17,Matches,c1fe2a48
477,Ashley Young,eng ENG,DF,Aston Villa,37-179,1985,13,9,909,10.1,1,0,1,0,0,3,0,0.10,0.00,0.10,0.10,0.10,0.2,0.2,0.7,0.9,0.02,0.07,0.09,0.02,0.09,Matches,be927d03
478,Wilfried Zaha,ci CIV,FWMF,Crystal Palace,30-055,1992,15,15,1327,14.7,6,2,6,0,2,3,0,0.41,0.14,0.54,0.41,0.54,4.7,3.0,2.2,5.2,0.32,0.15,0.47,0.21,0.35,Matches,b2bc3b1f
479,Denis Zakaria,ch SUI,MF,Chelsea,26-045,1996,2,2,141,1.6,0,0,0,0,0,0,0,0.00,0.00,0.00,0.00,0.00,0.2,0.2,0.0,0.2,0.12,0.00,0.12,0.12,0.12,Matches,384d58d9
480,Jordan Zemura,zw ZIM,DF,Bournemouth,23-051,1999,13,11,947,10.5,0,1,0,0,0,1,0,0.00,0.10,0.10,0.00,0.10,0.0,0.0,0.9,0.9,0.00,0.08,0.08,0.00,0.08,Matches,e8271ad9
481,Oleksandr Zinchenko,ua UKR,DF,Arsenal,26-020,1996,10,9,726,8.1,0,1,0,0,0,1,0,0.00,0.12,0.12,0.00,0.12,0.6,0.6,0.4,1.1,0.08,0.06,0.14,0.08,0.14,Matches,51cf8561
482,Hakim Ziyech,ma MAR,MFFW,Chelsea,29-291,1993,6,1,171,1.9,0,0,0,0,0,0,0,0.00,0.00,0.00,0.00,0.00,0.2,0.2,0.4,0.5,0.08,0.20,0.28,0.08,0.28,Matches,6622454d
483,Kurt Zouma,fr FRA,DF,West Ham,28-069,1994,14,14,1184,13.2,1,0,1,0,0,0,0,0.08,0.00,0.08,0.08,0.08,1.1,1.1,0.0,1.1,0.08,0.00,0.08,0.08,0.08,Matches,ce4246f5
484,Martin Ødegaard,no NOR,MF,Arsenal,24-018,1998,16,16,1340,14.9,7,5,7,0,0,3,0,0.47,0.34,0.81,0.47,0.81,4.8,4.8,4.7,9.5,0.32,0.32,0.64,0.32,0.64,Matches,79300479